university,age,gender,academic_year,degree_major,degree_level,residential_status,student_id
UCSD,20,Female,Second,Cyber Security,Undergraduate,On Campus,1
UMass,23,Male,First,Cyber Security,Undergraduate,Off Campus,2
UTA,19,Male,Final,Artificial Intelligence,Undergraduate,On Campus,3
UMass,18,Male,Final,Artificial Intelligence,Undergraduate,On Campus,4
UTA,29,Male,Second,Data Science,Undergraduate,Off Campus,5
NYU,25,Female,First,Cyber Security,Undergraduate,On Campus,6
NYU,25,Female,Second,Artificial Intelligence,Undergraduate,On Campus,7
IUB,27,Male,Third,Cyber Security,Graduate,Off Campus,8
MIT,29,Female,First,Artificial Intelligence,Graduate,On Campus,9
Harvard,20,Male,Second,Computer Science,Undergraduate,Off Campus,10
PSU,19,Female,First,Artificial Intelligence,Graduate,On Campus,11
UMass,23,Male,Final,Artificial Intelligence,Graduate,On Campus,12
USC,25,Female,Third,Artificial Intelligence,Undergraduate,On Campus,13
UCSD,23,Female,First,Artificial Intelligence,Undergraduate,On Campus,14
UTA,26,Male,Third,Cyber Security,Undergraduate,Off Campus,15
UCI,27,Male,Second,Data Science,Undergraduate,On Campus,16
UMD,24,Female,Second,Artificial Intelligence,Undergraduate,On Campus,17
UCI,21,Female,Final,Computer Science,Graduate,On Campus,18
UMD,29,Male,Third,Data Science,Graduate,Off Campus,19
MIT,29,Male,Final,Artificial Intelligence,Undergraduate,On Campus,20
PSU,20,Female,Final,Computer Science,Undergraduate,On Campus,21
UCSD,18,Female,Third,Artificial Intelligence,Undergraduate,On Campus,22
MIT,24,Female,First,Artificial Intelligence,Undergraduate,Off Campus,23
UCLA,29,Female,Second,Computer Science,Graduate,On Campus,24
UMass,18,Female,Second,Cyber Security,Graduate,Off Campus,25
UCI,27,Female,Final,Computer Science,Undergraduate,On Campus,26
NYU,27,Female,First,Artificial Intelligence,Undergraduate,Off Campus,27
Upenn,24,Female,Final,Data Science,Undergraduate,On Campus,28
Harvard,20,Female,Second,Artificial Intelligence,Undergraduate,Off Campus,29
Upenn,21,Female,Second,Cyber Security,Graduate,Off Campus,30
Harvard,28,Female,Third,Computer Science,Graduate,Off Campus,31
UCI,20,Female,Third,Computer Science,Undergraduate,On Campus,32
UTA,24,Female,First,Computer Science,Graduate,Off Campus,33
Stanford,19,Female,Third,Computer Science,Graduate,On Campus,34
IUB,25,Female,First,Cyber Security,Undergraduate,On Campus,35
CMU,24,Male,Second,Cyber Security,Graduate,On Campus,36
UCI,19,Male,Final,Cyber Security,Undergraduate,Off Campus,37
UMD,24,Male,Second,Cyber Security,Graduate,On Campus,38
PSU,20,Male,First,Artificial Intelligence,Undergraduate,On Campus,39
UTA,27,Male,Second,Computer Science,Graduate,Off Campus,40
TAMU,23,Female,Second,Artificial Intelligence,Graduate,Off Campus,41
NYU,24,Male,Second,Computer Science,Undergraduate,On Campus,42
TAMU,26,Female,Final,Computer Science,Graduate,Off Campus,43
UMass,26,Female,Second,Computer Science,Undergraduate,On Campus,44
UCSD,28,Male,First,Artificial Intelligence,Undergraduate,Off Campus,45
NYU,20,Male,Second,Data Science,Graduate,On Campus,46
USC,18,Female,Second,Cyber Security,Graduate,On Campus,47
IUB,19,Male,First,Artificial Intelligence,Undergraduate,Off Campus,48
Upenn,24,Female,Third,Cyber Security,Graduate,Off Campus,49
PSU,20,Female,Final,Artificial Intelligence,Graduate,On Campus,50
ASU,19,Male,Third,Computer Science,Graduate,On Campus,51
NEU,23,Female,First,Cyber Security,Undergraduate,Off Campus,52
UCSD,26,Male,Third,Computer Science,Undergraduate,Off Campus,53
UTA,29,Male,Final,Artificial Intelligence,Undergraduate,Off Campus,54
IUB,19,Male,First,Artificial Intelligence,Undergraduate,On Campus,55
UCI,26,Female,Second,Computer Science,Undergraduate,On Campus,56
UCI,18,Female,Second,Data Science,Undergraduate,Off Campus,57
PSU,27,Male,Final,Cyber Security,Undergraduate,Off Campus,58
UCI,22,Male,Second,Cyber Security,Undergraduate,Off Campus,59
TAMU,20,Female,First,Computer Science,Graduate,On Campus,60
Stanford,22,Female,Final,Cyber Security,Undergraduate,On Campus,61
UTA,20,Female,First,Computer Science,Graduate,Off Campus,62
CMU,24,Female,Second,Computer Science,Graduate,Off Campus,63
USC,29,Female,Final,Computer Science,Graduate,On Campus,64
PSU,29,Female,Third,Data Science,Graduate,On Campus,65
CMU,25,Female,Second,Cyber Security,Undergraduate,On Campus,66
NYU,19,Female,Second,Cyber Security,Undergraduate,Off Campus,67
NEU,20,Male,Third,Cyber Security,Graduate,Off Campus,68
UMass,28,Male,Second,Data Science,Undergraduate,On Campus,69
UMass,28,Female,First,Artificial Intelligence,Graduate,On Campus,70
USC,25,Female,Second,Computer Science,Graduate,On Campus,71
UCI,27,Male,Final,Cyber Security,Graduate,Off Campus,72
TAMU,29,Male,First,Computer Science,Undergraduate,On Campus,73
UMD,23,Male,Second,Data Science,Undergraduate,On Campus,74
UMD,26,Female,Second,Computer Science,Undergraduate,Off Campus,75
UMass,27,Female,Second,Artificial Intelligence,Undergraduate,Off Campus,76
ASU,25,Male,Second,Artificial Intelligence,Undergraduate,On Campus,77
UMass,26,Male,First,Artificial Intelligence,Undergraduate,Off Campus,78
MIT,28,Male,Second,Artificial Intelligence,Undergraduate,Off Campus,79
UMass,18,Female,Third,Artificial Intelligence,Graduate,Off Campus,80
MIT,26,Female,First,Artificial Intelligence,Undergraduate,On Campus,81
UCLA,18,Female,Final,Data Science,Graduate,On Campus,82
UTA,20,Female,Final,Data Science,Graduate,Off Campus,83
Stanford,19,Male,Third,Computer Science,Graduate,On Campus,84
CMU,24,Male,Third,Data Science,Undergraduate,Off Campus,85
ASU,22,Male,Final,Data Science,Graduate,On Campus,86
UCSD,19,Female,Final,Computer Science,Undergraduate,On Campus,87
UMD,29,Female,Second,Computer Science,Undergraduate,On Campus,88
UCLA,24,Male,Final,Artificial Intelligence,Graduate,Off Campus,89
CMU,23,Female,Final,Computer Science,Graduate,On Campus,90
TAMU,21,Male,Final,Artificial Intelligence,Graduate,Off Campus,91
NYU,19,Male,Second,Cyber Security,Undergraduate,Off Campus,92
UCI,20,Male,Final,Data Science,Undergraduate,On Campus,93
NYU,19,Female,Third,Computer Science,Undergraduate,Off Campus,94
UCLA,19,Female,Second,Cyber Security,Graduate,On Campus,95
NYU,25,Male,Third,Cyber Security,Graduate,Off Campus,96
UCI,20,Male,Final,Data Science,Graduate,Off Campus,97
UMass,18,Female,Third,Computer Science,Undergraduate,Off Campus,98
TAMU,18,Male,Final,Data Science,Undergraduate,On Campus,99
UTA,25,Female,Second,Artificial Intelligence,Graduate,Off Campus,100
Stanford,26,Female,First,Data Science,Undergraduate,Off Campus,101
UTA,22,Male,First,Computer Science,Graduate,Off Campus,102
UCSD,21,Male,First,Computer Science,Graduate,On Campus,103
IUB,23,Male,Final,Computer Science,Undergraduate,On Campus,104
UCI,22,Female,First,Data Science,Undergraduate,On Campus,105
UTA,28,Male,First,Cyber Security,Graduate,Off Campus,106
NYU,24,Male,Second,Data Science,Undergraduate,Off Campus,107
UMD,24,Male,Third,Artificial Intelligence,Graduate,Off Campus,108
Stanford,23,Female,Third,Computer Science,Graduate,On Campus,109
Stanford,22,Male,First,Artificial Intelligence,Graduate,Off Campus,110
USC,19,Female,Third,Cyber Security,Undergraduate,Off Campus,111
Upenn,19,Male,Final,Data Science,Undergraduate,Off Campus,112
UMass,25,Male,Third,Data Science,Graduate,Off Campus,113
UCI,25,Female,First,Cyber Security,Undergraduate,On Campus,114
MIT,27,Female,First,Computer Science,Undergraduate,Off Campus,115
MIT,20,Female,Final,Computer Science,Undergraduate,Off Campus,116
Stanford,19,Male,First,Data Science,Graduate,On Campus,117
PSU,24,Female,Final,Artificial Intelligence,Graduate,Off Campus,118
Stanford,22,Male,Final,Computer Science,Graduate,Off Campus,119
UCSD,27,Female,Third,Cyber Security,Undergraduate,Off Campus,120
PSU,27,Male,Third,Artificial Intelligence,Graduate,On Campus,121
UCLA,22,Female,Third,Data Science,Undergraduate,On Campus,122
Stanford,26,Female,Final,Cyber Security,Undergraduate,On Campus,123
UCSD,21,Male,Second,Cyber Security,Graduate,Off Campus,124
UCSD,25,Female,Third,Data Science,Undergraduate,On Campus,125
TAMU,28,Female,Final,Artificial Intelligence,Undergraduate,Off Campus,126
IUB,24,Male,Second,Data Science,Graduate,Off Campus,127
Harvard,28,Male,Third,Artificial Intelligence,Graduate,Off Campus,128
TAMU,20,Male,First,Computer Science,Graduate,On Campus,129
UCLA,19,Male,First,Computer Science,Undergraduate,Off Campus,130
UCLA,22,Female,Final,Computer Science,Graduate,On Campus,131
Stanford,20,Female,Final,Data Science,Graduate,Off Campus,132
Stanford,21,Male,First,Computer Science,Graduate,Off Campus,133
UMass,26,Male,Final,Cyber Security,Graduate,On Campus,134
MIT,23,Male,Second,Cyber Security,Graduate,On Campus,135
PSU,28,Female,Final,Cyber Security,Graduate,On Campus,136
MIT,23,Female,First,Computer Science,Graduate,On Campus,137
UCSD,19,Female,Final,Artificial Intelligence,Undergraduate,Off Campus,138
MIT,24,Male,Final,Computer Science,Graduate,Off Campus,139
USC,20,Male,First,Computer Science,Undergraduate,On Campus,140
CMU,29,Female,First,Artificial Intelligence,Undergraduate,Off Campus,141
UCLA,23,Female,Final,Artificial Intelligence,Undergraduate,Off Campus,142
UCSD,23,Male,First,Cyber Security,Undergraduate,On Campus,143
UMass,18,Female,First,Cyber Security,Graduate,Off Campus,144
Upenn,21,Male,Third,Cyber Security,Undergraduate,On Campus,145
Harvard,26,Female,Second,Data Science,Graduate,On Campus,146
Upenn,29,Male,Second,Cyber Security,Graduate,On Campus,147
MIT,28,Female,Second,Cyber Security,Graduate,Off Campus,148
UMass,25,Male,First,Artificial Intelligence,Graduate,Off Campus,149
Upenn,18,Male,Final,Data Science,Graduate,On Campus,150
UMD,29,Female,Final,Data Science,Undergraduate,On Campus,151
TAMU,20,Female,First,Computer Science,Graduate,Off Campus,152
Harvard,27,Male,First,Data Science,Graduate,Off Campus,153
Stanford,20,Female,Third,Artificial Intelligence,Undergraduate,Off Campus,154
NEU,25,Female,First,Artificial Intelligence,Graduate,On Campus,155
UMD,21,Male,First,Artificial Intelligence,Graduate,On Campus,156
UCI,18,Female,Second,Cyber Security,Graduate,On Campus,157
Stanford,20,Male,Third,Computer Science,Graduate,On Campus,158
Harvard,22,Male,First,Cyber Security,Graduate,On Campus,159
UCLA,26,Female,First,Cyber Security,Undergraduate,On Campus,160
UMass,26,Female,Second,Cyber Security,Graduate,Off Campus,161
NYU,19,Male,Third,Artificial Intelligence,Undergraduate,On Campus,162
ASU,26,Female,First,Artificial Intelligence,Undergraduate,Off Campus,163
UCSD,21,Female,Second,Data Science,Undergraduate,On Campus,164
NYU,20,Male,Second,Data Science,Undergraduate,On Campus,165
UCI,21,Female,Final,Data Science,Undergraduate,On Campus,166
UMass,18,Female,First,Computer Science,Undergraduate,On Campus,167
UCSD,22,Male,Third,Cyber Security,Graduate,On Campus,168
IUB,23,Female,Second,Cyber Security,Undergraduate,On Campus,169
MIT,26,Male,Final,Computer Science,Undergraduate,On Campus,170
NEU,18,Female,Final,Cyber Security,Graduate,On Campus,171
UCI,27,Male,Final,Artificial Intelligence,Graduate,On Campus,172
MIT,24,Male,Final,Artificial Intelligence,Undergraduate,On Campus,173
Stanford,25,Female,Second,Cyber Security,Graduate,Off Campus,174
UMD,28,Female,Final,Computer Science,Undergraduate,On Campus,175
PSU,27,Male,Final,Computer Science,Graduate,On Campus,176
Harvard,18,Female,Final,Cyber Security,Undergraduate,Off Campus,177
Harvard,26,Female,Third,Data Science,Undergraduate,On Campus,178
NEU,19,Male,Third,Data Science,Undergraduate,On Campus,179
UTA,26,Male,Final,Computer Science,Undergraduate,On Campus,180
CMU,21,Female,Second,Computer Science,Undergraduate,Off Campus,181
UMD,28,Male,Third,Artificial Intelligence,Undergraduate,Off Campus,182
CMU,26,Male,First,Computer Science,Undergraduate,On Campus,183
ASU,21,Female,Second,Artificial Intelligence,Graduate,On Campus,184
ASU,24,Male,Second,Artificial Intelligence,Graduate,Off Campus,185
Upenn,18,Male,Final,Computer Science,Undergraduate,On Campus,186
UCI,19,Male,Second,Computer Science,Undergraduate,On Campus,187
PSU,27,Male,Third,Artificial Intelligence,Undergraduate,Off Campus,188
ASU,27,Female,Third,Data Science,Undergraduate,Off Campus,189
Stanford,21,Female,First,Artificial Intelligence,Undergraduate,Off Campus,190
Harvard,26,Male,First,Data Science,Undergraduate,On Campus,191
IUB,26,Female,Second,Artificial Intelligence,Undergraduate,On Campus,192
UMD,23,Male,First,Artificial Intelligence,Graduate,Off Campus,193
UMass,28,Male,First,Cyber Security,Graduate,Off Campus,194
UTA,19,Male,Second,Artificial Intelligence,Graduate,On Campus,195
Stanford,24,Male,Second,Artificial Intelligence,Undergraduate,On Campus,196
Upenn,27,Female,Third,Data Science,Graduate,On Campus,197
MIT,26,Female,Third,Data Science,Undergraduate,On Campus,198
Upenn,27,Male,First,Artificial Intelligence,Graduate,Off Campus,199
MIT,20,Female,Second,Data Science,Undergraduate,Off Campus,200
UMass,27,Female,Second,Artificial Intelligence,Graduate,Off Campus,201
MIT,20,Female,Third,Artificial Intelligence,Undergraduate,On Campus,202
UMD,21,Female,Second,Cyber Security,Undergraduate,On Campus,203
USC,18,Female,Second,Cyber Security,Undergraduate,On Campus,204
IUB,28,Male,Third,Computer Science,Graduate,On Campus,205
UCI,19,Male,First,Artificial Intelligence,Graduate,On Campus,206
UMD,28,Female,Second,Cyber Security,Graduate,On Campus,207
NYU,23,Female,Final,Artificial Intelligence,Graduate,Off Campus,208
Upenn,24,Female,Third,Artificial Intelligence,Undergraduate,Off Campus,209
MIT,25,Female,First,Artificial Intelligence,Undergraduate,Off Campus,210
UCSD,22,Female,Third,Computer Science,Undergraduate,On Campus,211
CMU,23,Male,Second,Data Science,Undergraduate,Off Campus,212
NEU,19,Female,Final,Computer Science,Undergraduate,On Campus,213
UCI,29,Female,Final,Computer Science,Graduate,On Campus,214
UMD,28,Male,Second,Artificial Intelligence,Undergraduate,Off Campus,215
UMD,25,Female,First,Artificial Intelligence,Undergraduate,On Campus,216
TAMU,24,Male,Third,Artificial Intelligence,Graduate,On Campus,217
Stanford,20,Female,Second,Computer Science,Undergraduate,Off Campus,218
PSU,24,Male,Third,Data Science,Graduate,On Campus,219
USC,26,Female,First,Cyber Security,Graduate,On Campus,220
NEU,24,Female,Final,Artificial Intelligence,Graduate,On Campus,221
UTA,23,Female,Final,Computer Science,Undergraduate,On Campus,222
NEU,21,Male,Second,Cyber Security,Undergraduate,On Campus,223
UCLA,21,Male,First,Artificial Intelligence,Undergraduate,On Campus,224
Upenn,25,Male,Final,Cyber Security,Graduate,Off Campus,225
UCSD,26,Female,Second,Data Science,Graduate,On Campus,226
NYU,18,Male,Second,Artificial Intelligence,Undergraduate,On Campus,227
UMass,28,Male,Third,Computer Science,Graduate,On Campus,228
USC,26,Male,Final,Data Science,Graduate,Off Campus,229
Upenn,23,Female,Final,Artificial Intelligence,Undergraduate,On Campus,230
MIT,29,Male,Third,Cyber Security,Graduate,Off Campus,231
NEU,26,Female,Third,Computer Science,Undergraduate,Off Campus,232
TAMU,25,Female,Third,Cyber Security,Undergraduate,Off Campus,233
UTA,20,Female,First,Artificial Intelligence,Undergraduate,Off Campus,234
PSU,21,Female,Third,Computer Science,Undergraduate,On Campus,235
UCSD,28,Male,Second,Computer Science,Graduate,On Campus,236
IUB,24,Female,Second,Data Science,Undergraduate,On Campus,237
NEU,27,Male,Final,Computer Science,Graduate,On Campus,238
Upenn,24,Female,Third,Computer Science,Graduate,Off Campus,239
UMass,20,Female,First,Data Science,Undergraduate,Off Campus,240
Harvard,22,Female,Third,Data Science,Graduate,Off Campus,241
UMD,28,Female,Third,Computer Science,Graduate,On Campus,242
NYU,18,Male,First,Artificial Intelligence,Undergraduate,On Campus,243
UTA,29,Male,Second,Computer Science,Graduate,Off Campus,244
UMass,20,Male,Second,Cyber Security,Undergraduate,On Campus,245
UCI,28,Male,Second,Artificial Intelligence,Undergraduate,On Campus,246
MIT,28,Female,Second,Computer Science,Undergraduate,On Campus,247
UMass,29,Male,Third,Computer Science,Graduate,On Campus,248
PSU,20,Female,Third,Computer Science,Graduate,On Campus,249
Upenn,22,Male,Second,Data Science,Graduate,Off Campus,250
IUB,18,Female,First,Artificial Intelligence,Graduate,On Campus,251
UCSD,23,Male,First,Cyber Security,Undergraduate,On Campus,252
UMD,28,Female,Final,Cyber Security,Graduate,Off Campus,253
TAMU,27,Female,First,Artificial Intelligence,Graduate,Off Campus,254
UTA,19,Male,First,Computer Science,Graduate,Off Campus,255
Upenn,24,Male,First,Cyber Security,Graduate,On Campus,256
NYU,26,Female,Third,Data Science,Graduate,On Campus,257
UMD,26,Female,First,Computer Science,Undergraduate,Off Campus,258
TAMU,20,Male,Final,Cyber Security,Graduate,On Campus,259
UTA,21,Male,Final,Artificial Intelligence,Graduate,Off Campus,260
MIT,27,Female,Final,Cyber Security,Graduate,On Campus,261
UMD,29,Male,First,Artificial Intelligence,Undergraduate,Off Campus,262
NYU,26,Female,Third,Computer Science,Undergraduate,On Campus,263
TAMU,26,Female,Second,Computer Science,Graduate,On Campus,264
NEU,25,Male,Final,Cyber Security,Undergraduate,Off Campus,265
TAMU,27,Female,First,Artificial Intelligence,Undergraduate,On Campus,266
NYU,19,Female,Second,Cyber Security,Graduate,Off Campus,267
NEU,24,Female,First,Computer Science,Graduate,On Campus,268
UTA,29,Male,Third,Data Science,Graduate,On Campus,269
UCSD,26,Female,Second,Cyber Security,Undergraduate,On Campus,270
ASU,19,Male,First,Data Science,Undergraduate,On Campus,271
Harvard,29,Female,Final,Cyber Security,Graduate,Off Campus,272
IUB,27,Female,Third,Artificial Intelligence,Graduate,Off Campus,273
CMU,21,Female,Final,Computer Science,Undergraduate,Off Campus,274
UMass,20,Female,Second,Artificial Intelligence,Undergraduate,On Campus,275
NEU,18,Female,Second,Computer Science,Graduate,On Campus,276
Upenn,19,Female,Final,Artificial Intelligence,Undergraduate,Off Campus,277
MIT,27,Male,Second,Artificial Intelligence,Graduate,Off Campus,278
UCLA,19,Male,First,Artificial Intelligence,Graduate,Off Campus,279
UCSD,26,Female,Third,Computer Science,Undergraduate,On Campus,280
UMD,28,Female,Third,Computer Science,Graduate,On Campus,281
Harvard,22,Female,Third,Cyber Security,Graduate,On Campus,282
UCLA,29,Male,Second,Data Science,Graduate,On Campus,283
NYU,18,Male,Third,Cyber Security,Undergraduate,Off Campus,284
Upenn,25,Female,First,Cyber Security,Undergraduate,Off Campus,285
UCSD,20,Male,Third,Artificial Intelligence,Undergraduate,On Campus,286
IUB,28,Male,Final,Artificial Intelligence,Undergraduate,Off Campus,287
UMD,29,Male,First,Cyber Security,Undergraduate,Off Campus,288
CMU,23,Male,Third,Data Science,Graduate,On Campus,289
MIT,22,Female,Third,Artificial Intelligence,Graduate,Off Campus,290
NYU,26,Male,Final,Cyber Security,Undergraduate,Off Campus,291
UCSD,27,Female,First,Data Science,Graduate,On Campus,292
CMU,27,Female,Final,Cyber Security,Undergraduate,Off Campus,293
IUB,22,Male,Third,Cyber Security,Graduate,On Campus,294
TAMU,27,Female,Final,Artificial Intelligence,Graduate,Off Campus,295
UCI,29,Female,Second,Computer Science,Undergraduate,Off Campus,296
Upenn,27,Male,Final,Artificial Intelligence,Graduate,Off Campus,297
IUB,28,Female,Second,Data Science,Undergraduate,Off Campus,298
ASU,24,Male,Second,Data Science,Graduate,On Campus,299
NYU,22,Male,First,Data Science,Graduate,On Campus,300
NYU,22,Male,First,Cyber Security,Graduate,On Campus,301
CMU,19,Female,Third,Data Science,Undergraduate,Off Campus,302
NEU,19,Male,First,Artificial Intelligence,Undergraduate,Off Campus,303
UCI,24,Female,Second,Artificial Intelligence,Undergraduate,Off Campus,304
NYU,28,Female,First,Cyber Security,Undergraduate,On Campus,305
CMU,29,Male,First,Data Science,Undergraduate,Off Campus,306
TAMU,20,Male,Third,Artificial Intelligence,Graduate,On Campus,307
Stanford,29,Male,Final,Cyber Security,Graduate,On Campus,308
CMU,18,Male,Third,Cyber Security,Undergraduate,On Campus,309
NEU,23,Female,Final,Computer Science,Undergraduate,Off Campus,310
UCI,21,Female,First,Artificial Intelligence,Undergraduate,Off Campus,311
CMU,20,Male,Second,Computer Science,Graduate,Off Campus,312
NYU,26,Female,Final,Data Science,Graduate,On Campus,313
CMU,26,Male,Second,Artificial Intelligence,Undergraduate,Off Campus,314
PSU,28,Male,First,Cyber Security,Graduate,Off Campus,315
UMass,26,Male,Final,Computer Science,Undergraduate,Off Campus,316
CMU,23,Female,Third,Artificial Intelligence,Undergraduate,On Campus,317
UTA,26,Female,Third,Computer Science,Graduate,Off Campus,318
UMass,28,Female,Final,Data Science,Undergraduate,On Campus,319
UMD,22,Female,Final,Cyber Security,Undergraduate,Off Campus,320
ASU,24,Female,Final,Computer Science,Graduate,Off Campus,321
IUB,26,Male,Final,Data Science,Graduate,On Campus,322
ASU,27,Female,Third,Computer Science,Graduate,On Campus,323
Upenn,29,Male,Final,Cyber Security,Graduate,On Campus,324
UTA,26,Female,Second,Computer Science,Undergraduate,On Campus,325
UCI,22,Male,First,Cyber Security,Graduate,On Campus,326
UTA,18,Female,Final,Artificial Intelligence,Undergraduate,Off Campus,327
USC,28,Female,First,Data Science,Graduate,Off Campus,328
UTA,26,Female,First,Cyber Security,Graduate,Off Campus,329
NEU,21,Male,Third,Artificial Intelligence,Undergraduate,On Campus,330
PSU,25,Female,First,Computer Science,Undergraduate,On Campus,331
UTA,22,Male,First,Artificial Intelligence,Graduate,On Campus,332
TAMU,29,Female,Third,Data Science,Graduate,On Campus,333
Stanford,23,Female,Third,Computer Science,Undergraduate,On Campus,334
MIT,22,Female,Second,Data Science,Undergraduate,Off Campus,335
Harvard,19,Female,First,Cyber Security,Graduate,On Campus,336
Upenn,29,Female,Second,Cyber Security,Graduate,On Campus,337
IUB,20,Male,First,Cyber Security,Undergraduate,Off Campus,338
UCSD,29,Female,Second,Computer Science,Graduate,On Campus,339
Stanford,23,Female,First,Cyber Security,Graduate,Off Campus,340
UTA,21,Female,Second,Artificial Intelligence,Graduate,On Campus,341
ASU,29,Female,Second,Cyber Security,Undergraduate,Off Campus,342
Upenn,27,Female,Second,Artificial Intelligence,Undergraduate,On Campus,343
ASU,23,Male,Third,Data Science,Graduate,Off Campus,344
PSU,20,Male,Final,Data Science,Graduate,On Campus,345
UMass,27,Male,Final,Data Science,Undergraduate,Off Campus,346
PSU,29,Female,Second,Computer Science,Undergraduate,On Campus,347
Upenn,21,Male,First,Data Science,Graduate,On Campus,348
UMass,19,Female,First,Computer Science,Undergraduate,On Campus,349
PSU,21,Male,Final,Data Science,Undergraduate,Off Campus,350
UTA,19,Male,Final,Data Science,Graduate,Off Campus,351
UCSD,25,Male,Third,Computer Science,Undergraduate,On Campus,352
Stanford,27,Female,Third,Cyber Security,Undergraduate,Off Campus,353
UMass,24,Male,Final,Computer Science,Graduate,On Campus,354
CMU,26,Male,First,Data Science,Undergraduate,Off Campus,355
UTA,18,Female,Third,Computer Science,Graduate,On Campus,356
Stanford,19,Male,Third,Cyber Security,Undergraduate,On Campus,357
UCLA,28,Female,First,Data Science,Undergraduate,On Campus,358
UTA,24,Male,Final,Artificial Intelligence,Undergraduate,Off Campus,359
PSU,22,Male,Final,Artificial Intelligence,Graduate,On Campus,360
NEU,27,Male,First,Artificial Intelligence,Graduate,On Campus,361
UTA,22,Female,Final,Data Science,Undergraduate,Off Campus,362
CMU,18,Female,Second,Data Science,Undergraduate,Off Campus,363
Harvard,20,Male,Third,Cyber Security,Undergraduate,On Campus,364
PSU,24,Male,Third,Data Science,Undergraduate,On Campus,365
PSU,21,Male,Final,Cyber Security,Graduate,Off Campus,366
USC,20,Male,Final,Data Science,Undergraduate,Off Campus,367
USC,19,Female,Final,Computer Science,Graduate,Off Campus,368
UCSD,28,Male,Second,Cyber Security,Undergraduate,On Campus,369
UCSD,19,Male,First,Data Science,Graduate,On Campus,370
UCI,18,Male,Final,Computer Science,Undergraduate,On Campus,371
UTA,22,Female,Third,Computer Science,Graduate,On Campus,372
Harvard,20,Male,Second,Data Science,Graduate,Off Campus,373
PSU,23,Male,Second,Cyber Security,Graduate,On Campus,374
ASU,27,Female,Final,Data Science,Undergraduate,On Campus,375
PSU,25,Female,Second,Cyber Security,Graduate,Off Campus,376
CMU,29,Female,Final,Artificial Intelligence,Undergraduate,Off Campus,377
IUB,20,Male,First,Computer Science,Graduate,On Campus,378
NEU,23,Female,First,Data Science,Graduate,Off Campus,379
NEU,23,Male,Third,Cyber Security,Undergraduate,On Campus,380
UCSD,23,Female,Second,Artificial Intelligence,Graduate,On Campus,381
ASU,25,Male,Third,Artificial Intelligence,Undergraduate,On Campus,382
ASU,18,Female,First,Cyber Security,Graduate,On Campus,383
CMU,21,Female,Final,Artificial Intelligence,Undergraduate,On Campus,384
MIT,25,Male,Third,Data Science,Graduate,Off Campus,385
UMass,26,Female,Second,Computer Science,Undergraduate,On Campus,386
UMass,29,Male,First,Data Science,Undergraduate,On Campus,387
Stanford,27,Female,Third,Computer Science,Undergraduate,Off Campus,388
PSU,18,Male,First,Artificial Intelligence,Graduate,Off Campus,389
TAMU,22,Female,First,Computer Science,Undergraduate,On Campus,390
Stanford,25,Female,Second,Artificial Intelligence,Undergraduate,Off Campus,391
NYU,20,Male,First,Computer Science,Undergraduate,Off Campus,392
ASU,27,Female,Second,Cyber Security,Graduate,On Campus,393
NEU,28,Male,Third,Artificial Intelligence,Undergraduate,Off Campus,394
Harvard,21,Male,Second,Data Science,Graduate,Off Campus,395
UMass,25,Female,Final,Artificial Intelligence,Undergraduate,Off Campus,396
UCSD,27,Male,Third,Computer Science,Graduate,Off Campus,397
CMU,28,Female,Second,Data Science,Undergraduate,On Campus,398
Upenn,25,Male,Third,Artificial Intelligence,Graduate,On Campus,399
Harvard,26,Female,Final,Data Science,Undergraduate,On Campus,400
UCLA,18,Male,Final,Artificial Intelligence,Graduate,Off Campus,401
TAMU,22,Female,Third,Cyber Security,Graduate,Off Campus,402
NYU,21,Female,First,Cyber Security,Graduate,Off Campus,403
PSU,24,Female,First,Artificial Intelligence,Graduate,On Campus,404
Harvard,29,Female,Second,Artificial Intelligence,Undergraduate,Off Campus,405
Upenn,20,Male,First,Cyber Security,Undergraduate,On Campus,406
NEU,19,Female,Final,Cyber Security,Undergraduate,Off Campus,407
MIT,29,Female,Second,Computer Science,Graduate,On Campus,408
MIT,19,Female,First,Data Science,Graduate,Off Campus,409
PSU,24,Male,Final,Data Science,Undergraduate,Off Campus,410
UMass,26,Male,Second,Computer Science,Undergraduate,On Campus,411
UCLA,28,Male,Third,Artificial Intelligence,Undergraduate,On Campus,412
NYU,28,Female,Final,Computer Science,Undergraduate,On Campus,413
MIT,23,Female,Final,Computer Science,Undergraduate,On Campus,414
UMass,22,Male,Third,Data Science,Undergraduate,Off Campus,415
NEU,24,Female,First,Artificial Intelligence,Undergraduate,Off Campus,416
NEU,22,Female,Second,Cyber Security,Undergraduate,Off Campus,417
USC,25,Male,Second,Data Science,Graduate,Off Campus,418
NYU,22,Male,Final,Artificial Intelligence,Undergraduate,On Campus,419
UCI,24,Female,Final,Data Science,Undergraduate,On Campus,420
UTA,19,Male,First,Computer Science,Undergraduate,On Campus,421
USC,19,Male,Final,Data Science,Graduate,On Campus,422
UCSD,24,Male,Second,Cyber Security,Undergraduate,Off Campus,423
Harvard,24,Male,Second,Cyber Security,Graduate,On Campus,424
UTA,22,Male,Final,Computer Science,Graduate,On Campus,425
NYU,25,Female,First,Computer Science,Graduate,Off Campus,426
Upenn,21,Female,Final,Cyber Security,Graduate,On Campus,427
UCLA,24,Female,Final,Data Science,Undergraduate,Off Campus,428
CMU,18,Female,Third,Data Science,Graduate,Off Campus,429
TAMU,29,Male,Second,Data Science,Undergraduate,On Campus,430
UCI,19,Female,First,Computer Science,Graduate,On Campus,431
UCLA,18,Male,Second,Computer Science,Undergraduate,Off Campus,432
UCSD,28,Male,Third,Data Science,Undergraduate,Off Campus,433
UTA,25,Male,Final,Data Science,Undergraduate,On Campus,434
TAMU,28,Male,Final,Computer Science,Undergraduate,On Campus,435
CMU,27,Female,Second,Cyber Security,Undergraduate,Off Campus,436
NEU,29,Male,Second,Data Science,Undergraduate,Off Campus,437
USC,29,Male,Second,Data Science,Graduate,Off Campus,438
Stanford,21,Female,Final,Cyber Security,Graduate,On Campus,439
NEU,28,Male,First,Artificial Intelligence,Graduate,Off Campus,440
NYU,22,Female,Final,Computer Science,Undergraduate,Off Campus,441
Harvard,24,Female,Second,Computer Science,Undergraduate,On Campus,442
Upenn,19,Male,Final,Computer Science,Graduate,Off Campus,443
UTA,25,Male,First,Computer Science,Undergraduate,On Campus,444
PSU,29,Male,Final,Data Science,Undergraduate,Off Campus,445
UMass,23,Female,First,Artificial Intelligence,Graduate,On Campus,446
UMD,23,Male,Final,Artificial Intelligence,Graduate,On Campus,447
Upenn,29,Male,Final,Cyber Security,Graduate,On Campus,448
Upenn,29,Male,Third,Data Science,Undergraduate,On Campus,449
UCSD,19,Male,First,Artificial Intelligence,Undergraduate,On Campus,450
ASU,21,Female,Final,Data Science,Undergraduate,On Campus,451
Upenn,19,Male,Second,Data Science,Graduate,On Campus,452
UMD,25,Male,Second,Computer Science,Undergraduate,On Campus,453
UMass,26,Male,Second,Artificial Intelligence,Undergraduate,On Campus,454
UCSD,29,Male,Final,Data Science,Undergraduate,On Campus,455
CMU,26,Male,Third,Artificial Intelligence,Graduate,Off Campus,456
USC,19,Female,Third,Data Science,Undergraduate,On Campus,457
CMU,22,Male,Final,Computer Science,Graduate,On Campus,458
MIT,19,Female,Third,Data Science,Graduate,On Campus,459
UCLA,24,Male,Second,Computer Science,Undergraduate,Off Campus,460
MIT,26,Male,Second,Cyber Security,Undergraduate,Off Campus,461
USC,28,Female,Second,Artificial Intelligence,Undergraduate,On Campus,462
UTA,24,Female,Third,Computer Science,Undergraduate,Off Campus,463
USC,21,Female,Final,Computer Science,Graduate,On Campus,464
UCI,22,Female,First,Artificial Intelligence,Undergraduate,Off Campus,465
UMass,27,Female,Second,Artificial Intelligence,Undergraduate,On Campus,466
UTA,27,Female,Third,Artificial Intelligence,Graduate,On Campus,467
PSU,22,Female,Second,Artificial Intelligence,Graduate,On Campus,468
IUB,24,Female,First,Artificial Intelligence,Graduate,Off Campus,469
NYU,23,Male,Third,Artificial Intelligence,Graduate,On Campus,470
CMU,23,Female,Third,Computer Science,Graduate,Off Campus,471
PSU,26,Female,First,Data Science,Graduate,On Campus,472
PSU,24,Female,Final,Cyber Security,Graduate,Off Campus,473
NEU,22,Female,Third,Computer Science,Graduate,On Campus,474
CMU,26,Male,Second,Artificial Intelligence,Graduate,On Campus,475
UMass,27,Male,First,Cyber Security,Undergraduate,On Campus,476
ASU,29,Male,Final,Data Science,Graduate,On Campus,477
MIT,22,Male,First,Cyber Security,Undergraduate,On Campus,478
Upenn,21,Female,First,Computer Science,Undergraduate,Off Campus,479
Stanford,27,Male,Third,Artificial Intelligence,Undergraduate,Off Campus,480
NEU,18,Female,First,Artificial Intelligence,Undergraduate,On Campus,481
UCLA,29,Female,Second,Data Science,Undergraduate,On Campus,482
Stanford,25,Female,Second,Computer Science,Undergraduate,Off Campus,483
Harvard,21,Female,First,Artificial Intelligence,Graduate,On Campus,484
UMD,18,Male,First,Cyber Security,Undergraduate,Off Campus,485
NEU,29,Male,Second,Computer Science,Graduate,On Campus,486
Harvard,25,Female,Third,Cyber Security,Graduate,On Campus,487
UCLA,20,Male,Final,Data Science,Undergraduate,On Campus,488
Stanford,26,Female,First,Data Science,Graduate,Off Campus,489
UMass,24,Female,Second,Data Science,Undergraduate,Off Campus,490
ASU,18,Female,Final,Cyber Security,Graduate,Off Campus,491
UMass,19,Male,Third,Artificial Intelligence,Undergraduate,Off Campus,492
Stanford,21,Male,Final,Cyber Security,Undergraduate,On Campus,493
PSU,25,Female,First,Data Science,Graduate,Off Campus,494
ASU,18,Female,Third,Computer Science,Undergraduate,On Campus,495
CMU,20,Male,Third,Computer Science,Undergraduate,On Campus,496
USC,18,Male,Second,Data Science,Graduate,Off Campus,497
UCLA,19,Male,Final,Cyber Security,Graduate,Off Campus,498
USC,20,Male,Second,Data Science,Graduate,Off Campus,499
Upenn,23,Male,Second,Cyber Security,Undergraduate,On Campus,500
MIT,25,Female,First,Cyber Security,Graduate,On Campus,501
Stanford,23,Female,Final,Data Science,Graduate,On Campus,502
UMass,24,Female,Second,Computer Science,Undergraduate,On Campus,503
Harvard,21,Female,Third,Cyber Security,Undergraduate,On Campus,504
Upenn,21,Female,Final,Cyber Security,Graduate,Off Campus,505
UCLA,28,Female,Final,Cyber Security,Undergraduate,Off Campus,506
Upenn,18,Female,Third,Computer Science,Undergraduate,Off Campus,507
UTA,18,Male,Final,Data Science,Graduate,On Campus,508
Stanford,26,Female,First,Artificial Intelligence,Undergraduate,Off Campus,509
IUB,19,Male,Third,Artificial Intelligence,Graduate,On Campus,510
NEU,18,Male,Third,Data Science,Graduate,On Campus,511
UCSD,20,Female,Final,Cyber Security,Undergraduate,On Campus,512
MIT,20,Female,First,Data Science,Undergraduate,Off Campus,513
ASU,18,Male,Second,Cyber Security,Graduate,Off Campus,514
NYU,28,Male,First,Artificial Intelligence,Graduate,Off Campus,515
UCI,28,Male,Final,Computer Science,Undergraduate,On Campus,516
UCI,19,Male,Second,Cyber Security,Undergraduate,On Campus,517
Harvard,24,Male,Third,Computer Science,Undergraduate,On Campus,518
NYU,20,Female,Final,Computer Science,Undergraduate,On Campus,519
Harvard,24,Male,First,Data Science,Graduate,On Campus,520
Stanford,20,Female,First,Cyber Security,Graduate,Off Campus,521
IUB,19,Female,First,Cyber Security,Undergraduate,Off Campus,522
Upenn,29,Female,Second,Data Science,Graduate,Off Campus,523
MIT,19,Female,Third,Data Science,Undergraduate,On Campus,524
PSU,28,Male,Second,Computer Science,Undergraduate,On Campus,525
PSU,28,Female,Third,Cyber Security,Graduate,On Campus,526
USC,22,Female,Second,Artificial Intelligence,Graduate,Off Campus,527
USC,28,Female,Second,Data Science,Undergraduate,Off Campus,528
UCI,18,Female,First,Computer Science,Graduate,Off Campus,529
NYU,18,Female,Third,Cyber Security,Undergraduate,Off Campus,530
CMU,29,Male,Final,Computer Science,Graduate,Off Campus,531
UCLA,27,Male,Third,Data Science,Graduate,On Campus,532
NYU,23,Male,Third,Cyber Security,Undergraduate,On Campus,533
PSU,19,Female,Final,Cyber Security,Undergraduate,Off Campus,534
TAMU,21,Female,Third,Data Science,Undergraduate,On Campus,535
UCLA,21,Male,Second,Data Science,Undergraduate,On Campus,536
UCI,27,Male,Third,Computer Science,Graduate,Off Campus,537
UCLA,18,Male,Final,Data Science,Undergraduate,Off Campus,538
NYU,20,Female,Second,Cyber Security,Undergraduate,Off Campus,539
TAMU,29,Female,Second,Computer Science,Graduate,Off Campus,540
NYU,20,Male,Final,Computer Science,Graduate,Off Campus,541
UCLA,25,Male,Third,Computer Science,Graduate,On Campus,542
MIT,21,Male,First,Data Science,Undergraduate,Off Campus,543
Stanford,28,Male,Second,Data Science,Undergraduate,Off Campus,544
Upenn,24,Female,Second,Cyber Security,Undergraduate,On Campus,545
NYU,25,Female,Third,Cyber Security,Graduate,On Campus,546
UTA,24,Male,Final,Data Science,Undergraduate,On Campus,547
MIT,20,Male,Final,Data Science,Undergraduate,Off Campus,548
UCI,27,Male,First,Artificial Intelligence,Undergraduate,Off Campus,549
Harvard,29,Female,Second,Computer Science,Undergraduate,Off Campus,550
TAMU,24,Female,Final,Computer Science,Graduate,On Campus,551
UCLA,21,Female,Second,Computer Science,Undergraduate,Off Campus,552
Harvard,26,Female,Third,Artificial Intelligence,Undergraduate,On Campus,553
IUB,29,Female,Final,Data Science,Graduate,On Campus,554
TAMU,19,Male,Final,Cyber Security,Undergraduate,On Campus,555
CMU,19,Female,Second,Artificial Intelligence,Undergraduate,Off Campus,556
Stanford,29,Male,Third,Data Science,Undergraduate,On Campus,557
NYU,27,Male,Second,Computer Science,Graduate,Off Campus,558
IUB,22,Female,Third,Artificial Intelligence,Undergraduate,On Campus,559
PSU,19,Female,Third,Cyber Security,Graduate,Off Campus,560
NYU,21,Female,Final,Artificial Intelligence,Graduate,On Campus,561
UTA,19,Male,Final,Artificial Intelligence,Undergraduate,On Campus,562
ASU,19,Female,Third,Data Science,Undergraduate,On Campus,563
Harvard,29,Female,Second,Artificial Intelligence,Undergraduate,Off Campus,564
Stanford,25,Male,Third,Cyber Security,Undergraduate,Off Campus,565
UMass,24,Female,First,Computer Science,Undergraduate,Off Campus,566
UCI,23,Female,First,Cyber Security,Graduate,Off Campus,567
NEU,29,Male,Second,Artificial Intelligence,Graduate,Off Campus,568
CMU,23,Female,Third,Cyber Security,Graduate,On Campus,569
NYU,28,Male,Final,Artificial Intelligence,Graduate,Off Campus,570
UMass,23,Male,Second,Data Science,Undergraduate,Off Campus,571
USC,23,Male,Third,Data Science,Undergraduate,Off Campus,572
UCSD,23,Female,First,Computer Science,Graduate,Off Campus,573
UTA,18,Male,Final,Computer Science,Graduate,On Campus,574
UMD,23,Male,Final,Cyber Security,Undergraduate,Off Campus,575
UMass,24,Male,Third,Cyber Security,Graduate,Off Campus,576
NEU,19,Female,Third,Artificial Intelligence,Graduate,Off Campus,577
TAMU,26,Male,Final,Data Science,Graduate,On Campus,578
UCSD,28,Male,Final,Artificial Intelligence,Graduate,On Campus,579
MIT,21,Male,Final,Data Science,Undergraduate,On Campus,580
NYU,22,Male,First,Cyber Security,Undergraduate,On Campus,581
UCI,29,Male,Final,Cyber Security,Undergraduate,Off Campus,582
NEU,19,Female,Final,Computer Science,Graduate,Off Campus,583
UCLA,18,Female,Final,Artificial Intelligence,Graduate,Off Campus,584
Stanford,25,Female,Final,Computer Science,Undergraduate,Off Campus,585
USC,18,Male,Second,Artificial Intelligence,Graduate,On Campus,586
UCLA,23,Male,Second,Artificial Intelligence,Graduate,On Campus,587
UMD,20,Male,Final,Cyber Security,Graduate,Off Campus,588
Upenn,24,Male,Third,Cyber Security,Graduate,On Campus,589
UMass,28,Female,First,Artificial Intelligence,Graduate,On Campus,590
MIT,23,Female,First,Artificial Intelligence,Graduate,Off Campus,591
IUB,24,Male,Final,Cyber Security,Graduate,On Campus,592
UTA,20,Female,Third,Artificial Intelligence,Undergraduate,On Campus,593
ASU,22,Male,Third,Artificial Intelligence,Undergraduate,On Campus,594
NYU,22,Male,Third,Data Science,Graduate,On Campus,595
UMass,20,Male,Second,Data Science,Undergraduate,On Campus,596
ASU,24,Female,Final,Data Science,Graduate,Off Campus,597
UCLA,26,Female,Final,Artificial Intelligence,Undergraduate,Off Campus,598
UCSD,20,Male,Third,Data Science,Undergraduate,On Campus,599
Harvard,21,Male,First,Computer Science,Graduate,On Campus,600
UMass,21,Male,Third,Artificial Intelligence,Undergraduate,Off Campus,601
TAMU,29,Male,Second,Artificial Intelligence,Graduate,Off Campus,602
UCLA,19,Female,First,Cyber Security,Graduate,On Campus,603
UMass,25,Female,First,Artificial Intelligence,Undergraduate,Off Campus,604
NYU,27,Female,Final,Data Science,Undergraduate,On Campus,605
PSU,22,Male,Third,Cyber Security,Graduate,Off Campus,606
UMass,22,Male,Second,Artificial Intelligence,Undergraduate,Off Campus,607
ASU,29,Male,Second,Data Science,Graduate,On Campus,608
Harvard,26,Female,Second,Cyber Security,Undergraduate,On Campus,609
UCLA,27,Male,Second,Data Science,Graduate,Off Campus,610
Harvard,26,Female,Third,Artificial Intelligence,Graduate,Off Campus,611
PSU,19,Male,Final,Cyber Security,Graduate,On Campus,612
UCSD,24,Male,First,Computer Science,Graduate,Off Campus,613
UTA,28,Female,First,Data Science,Undergraduate,On Campus,614
IUB,24,Female,Final,Data Science,Undergraduate,On Campus,615
Harvard,24,Male,Third,Computer Science,Undergraduate,On Campus,616
USC,28,Male,Third,Artificial Intelligence,Graduate,On Campus,617
IUB,24,Female,Second,Computer Science,Graduate,On Campus,618
UCI,22,Female,Second,Artificial Intelligence,Graduate,On Campus,619
Upenn,22,Male,Final,Computer Science,Undergraduate,Off Campus,620
UCSD,27,Female,Second,Artificial Intelligence,Undergraduate,On Campus,621
TAMU,23,Male,Final,Computer Science,Undergraduate,Off Campus,622
IUB,26,Female,Final,Artificial Intelligence,Graduate,Off Campus,623
PSU,24,Male,Final,Artificial Intelligence,Undergraduate,On Campus,624
MIT,22,Male,Second,Computer Science,Graduate,Off Campus,625
IUB,25,Male,Second,Artificial Intelligence,Undergraduate,On Campus,626
TAMU,20,Female,First,Cyber Security,Graduate,Off Campus,627
UCLA,25,Male,Third,Cyber Security,Undergraduate,Off Campus,628
CMU,25,Female,First,Data Science,Graduate,On Campus,629
USC,19,Male,Second,Artificial Intelligence,Graduate,Off Campus,630
ASU,28,Male,Second,Computer Science,Graduate,Off Campus,631
NYU,24,Male,Final,Computer Science,Graduate,On Campus,632
UMass,22,Female,Final,Data Science,Graduate,Off Campus,633
UCSD,18,Male,Second,Cyber Security,Undergraduate,Off Campus,634
TAMU,22,Female,Final,Artificial Intelligence,Graduate,On Campus,635
ASU,21,Male,Third,Computer Science,Undergraduate,Off Campus,636
UTA,22,Male,Second,Data Science,Graduate,Off Campus,637
ASU,29,Male,Third,Cyber Security,Graduate,On Campus,638
UCLA,21,Female,Second,Computer Science,Graduate,Off Campus,639
Upenn,23,Female,Final,Cyber Security,Undergraduate,Off Campus,640
UCI,19,Male,First,Computer Science,Undergraduate,On Campus,641
Harvard,18,Male,Third,Artificial Intelligence,Undergraduate,Off Campus,642
UMD,23,Male,Final,Cyber Security,Undergraduate,On Campus,643
UCSD,26,Female,First,Data Science,Graduate,Off Campus,644
UTA,28,Female,First,Computer Science,Graduate,On Campus,645
UTA,18,Male,Final,Artificial Intelligence,Graduate,Off Campus,646
UCI,22,Male,First,Artificial Intelligence,Undergraduate,Off Campus,647
UCLA,28,Female,Second,Cyber Security,Undergraduate,Off Campus,648
UTA,28,Male,Final,Computer Science,Undergraduate,On Campus,649
NYU,27,Male,Second,Computer Science,Undergraduate,Off Campus,650
USC,27,Female,Third,Data Science,Graduate,Off Campus,651
UCSD,23,Male,First,Data Science,Undergraduate,Off Campus,652
CMU,19,Female,Third,Artificial Intelligence,Graduate,Off Campus,653
Upenn,27,Female,Final,Cyber Security,Undergraduate,On Campus,654
PSU,24,Female,First,Data Science,Undergraduate,Off Campus,655
TAMU,22,Male,Third,Cyber Security,Undergraduate,Off Campus,656
Harvard,24,Male,First,Artificial Intelligence,Undergraduate,Off Campus,657
Stanford,25,Male,First,Data Science,Graduate,Off Campus,658
PSU,23,Female,Third,Data Science,Undergraduate,Off Campus,659
Upenn,18,Male,Second,Artificial Intelligence,Undergraduate,Off Campus,660
USC,22,Male,Second,Data Science,Graduate,Off Campus,661
PSU,28,Male,Final,Data Science,Graduate,Off Campus,662
UCI,26,Male,Second,Computer Science,Undergraduate,Off Campus,663
PSU,23,Female,Final,Artificial Intelligence,Undergraduate,Off Campus,664
UTA,29,Female,Final,Artificial Intelligence,Graduate,On Campus,665
UMass,23,Male,First,Computer Science,Undergraduate,On Campus,666
MIT,25,Male,First,Data Science,Undergraduate,On Campus,667
IUB,22,Female,Final,Artificial Intelligence,Graduate,Off Campus,668
Stanford,25,Female,Final,Data Science,Graduate,On Campus,669
NEU,18,Female,Third,Artificial Intelligence,Undergraduate,Off Campus,670
UCLA,26,Male,Second,Computer Science,Graduate,Off Campus,671
CMU,24,Female,Second,Data Science,Graduate,On Campus,672
UTA,26,Female,Second,Artificial Intelligence,Undergraduate,Off Campus,673
UMass,19,Female,Second,Data Science,Undergraduate,Off Campus,674
NYU,23,Female,Third,Artificial Intelligence,Graduate,On Campus,675
Stanford,27,Female,First,Cyber Security,Undergraduate,Off Campus,676
USC,22,Male,Second,Cyber Security,Undergraduate,Off Campus,677
PSU,22,Male,Second,Cyber Security,Undergraduate,On Campus,678
UCLA,26,Female,Second,Cyber Security,Graduate,On Campus,679
UMass,28,Male,Second,Computer Science,Graduate,On Campus,680
Harvard,21,Male,Second,Data Science,Undergraduate,Off Campus,681
TAMU,20,Female,Third,Data Science,Undergraduate,Off Campus,682
MIT,21,Female,Final,Computer Science,Graduate,On Campus,683
Upenn,23,Female,First,Data Science,Undergraduate,Off Campus,684
UTA,18,Female,First,Cyber Security,Undergraduate,Off Campus,685
UCSD,21,Male,Second,Computer Science,Graduate,On Campus,686
NEU,22,Male,Final,Artificial Intelligence,Undergraduate,Off Campus,687
UCI,25,Male,Final,Cyber Security,Undergraduate,On Campus,688
NYU,20,Male,Final,Artificial Intelligence,Graduate,Off Campus,689
CMU,29,Female,Third,Computer Science,Graduate,On Campus,690
IUB,20,Male,Final,Cyber Security,Graduate,Off Campus,691
UTA,23,Male,Second,Artificial Intelligence,Undergraduate,On Campus,692
Harvard,23,Male,Third,Cyber Security,Graduate,On Campus,693
Harvard,20,Male,First,Artificial Intelligence,Graduate,Off Campus,694
UCLA,28,Female,Final,Artificial Intelligence,Graduate,Off Campus,695
USC,27,Male,Third,Data Science,Graduate,Off Campus,696
MIT,25,Female,Third,Data Science,Undergraduate,On Campus,697
UCI,20,Male,First,Data Science,Undergraduate,Off Campus,698
UCLA,21,Female,Third,Cyber Security,Undergraduate,On Campus,699
IUB,22,Male,Third,Artificial Intelligence,Undergraduate,On Campus,700
NEU,28,Female,First,Cyber Security,Graduate,Off Campus,701
Stanford,21,Male,Second,Cyber Security,Undergraduate,Off Campus,702
PSU,26,Male,Second,Data Science,Graduate,On Campus,703
NYU,24,Male,Second,Computer Science,Undergraduate,Off Campus,704
UCI,29,Male,Final,Computer Science,Undergraduate,On Campus,705
NEU,26,Female,Final,Data Science,Graduate,Off Campus,706
UTA,29,Male,Final,Computer Science,Undergraduate,On Campus,707
PSU,19,Female,Final,Computer Science,Undergraduate,Off Campus,708
UCSD,28,Female,Final,Computer Science,Graduate,On Campus,709
UTA,18,Female,Second,Data Science,Undergraduate,Off Campus,710
NEU,18,Female,Third,Data Science,Undergraduate,On Campus,711
NEU,25,Male,Second,Cyber Security,Graduate,Off Campus,712
MIT,22,Female,Second,Artificial Intelligence,Graduate,On Campus,713
NYU,28,Male,First,Data Science,Undergraduate,Off Campus,714
CMU,28,Male,First,Cyber Security,Undergraduate,On Campus,715
NYU,18,Female,Second,Data Science,Undergraduate,Off Campus,716
UCLA,22,Female,Third,Computer Science,Undergraduate,Off Campus,717
UMass,21,Male,Third,Artificial Intelligence,Undergraduate,On Campus,718
ASU,26,Male,Final,Cyber Security,Graduate,On Campus,719
Harvard,19,Male,Second,Artificial Intelligence,Undergraduate,On Campus,720
UTA,25,Male,Third,Computer Science,Undergraduate,Off Campus,721
UCSD,27,Male,Final,Data Science,Undergraduate,On Campus,722
USC,26,Female,Final,Data Science,Graduate,Off Campus,723
UMass,26,Female,Second,Data Science,Undergraduate,On Campus,724
NEU,28,Female,Third,Artificial Intelligence,Graduate,On Campus,725
NYU,19,Female,Second,Cyber Security,Undergraduate,Off Campus,726
PSU,25,Male,First,Data Science,Graduate,On Campus,727
UMass,20,Female,Final,Data Science,Undergraduate,On Campus,728
MIT,21,Female,Final,Data Science,Undergraduate,On Campus,729
NEU,21,Female,First,Data Science,Undergraduate,On Campus,730
USC,22,Female,First,Computer Science,Graduate,On Campus,731
IUB,18,Female,Final,Computer Science,Undergraduate,Off Campus,732
UTA,20,Female,First,Computer Science,Graduate,Off Campus,733
UMass,21,Female,Third,Cyber Security,Undergraduate,On Campus,734
PSU,27,Female,Second,Computer Science,Undergraduate,Off Campus,735
Stanford,27,Male,Third,Cyber Security,Undergraduate,On Campus,736
UCI,21,Female,First,Computer Science,Undergraduate,Off Campus,737
USC,21,Female,Third,Computer Science,Undergraduate,Off Campus,738
NEU,20,Female,First,Data Science,Undergraduate,Off Campus,739
UMD,18,Male,Third,Artificial Intelligence,Graduate,Off Campus,740
TAMU,24,Male,Third,Cyber Security,Undergraduate,On Campus,741
UMass,22,Male,Second,Data Science,Graduate,Off Campus,742
MIT,26,Male,Second,Data Science,Graduate,Off Campus,743
IUB,18,Male,Second,Computer Science,Graduate,On Campus,744
UMD,18,Female,Third,Computer Science,Undergraduate,Off Campus,745
UMass,18,Male,Final,Artificial Intelligence,Undergraduate,Off Campus,746
PSU,24,Female,Third,Cyber Security,Graduate,Off Campus,747
UCSD,19,Male,First,Cyber Security,Graduate,Off Campus,748
UCLA,19,Female,First,Cyber Security,Undergraduate,Off Campus,749
TAMU,25,Female,First,Cyber Security,Graduate,Off Campus,750
UCLA,23,Male,Third,Computer Science,Graduate,On Campus,751
Harvard,20,Female,First,Artificial Intelligence,Graduate,Off Campus,752
Harvard,19,Female,Second,Artificial Intelligence,Graduate,On Campus,753
Harvard,24,Male,First,Computer Science,Graduate,On Campus,754
USC,20,Female,Second,Computer Science,Undergraduate,Off Campus,755
MIT,21,Male,Final,Artificial Intelligence,Graduate,On Campus,756
MIT,22,Female,First,Artificial Intelligence,Undergraduate,On Campus,757
UMD,20,Female,Second,Computer Science,Graduate,Off Campus,758
UCI,23,Male,Second,Artificial Intelligence,Graduate,Off Campus,759
NYU,24,Female,Third,Artificial Intelligence,Undergraduate,On Campus,760
MIT,29,Female,Final,Computer Science,Graduate,On Campus,761
UMD,20,Male,Second,Artificial Intelligence,Undergraduate,Off Campus,762
Harvard,19,Male,Third,Artificial Intelligence,Undergraduate,On Campus,763
UCI,20,Male,Second,Data Science,Graduate,Off Campus,764
UCSD,21,Female,Third,Computer Science,Graduate,On Campus,765
NEU,29,Male,Final,Cyber Security,Undergraduate,On Campus,766
UCLA,20,Female,Third,Data Science,Undergraduate,Off Campus,767
Harvard,25,Male,Final,Data Science,Graduate,On Campus,768
USC,21,Male,Final,Cyber Security,Graduate,Off Campus,769
Stanford,19,Female,Third,Artificial Intelligence,Undergraduate,Off Campus,770
Upenn,20,Female,Final,Artificial Intelligence,Undergraduate,Off Campus,771
ASU,18,Female,Second,Artificial Intelligence,Graduate,Off Campus,772
CMU,24,Male,First,Cyber Security,Graduate,On Campus,773
IUB,22,Male,Third,Computer Science,Graduate,Off Campus,774
Upenn,20,Female,First,Artificial Intelligence,Graduate,Off Campus,775
NEU,28,Female,Second,Artificial Intelligence,Graduate,On Campus,776
NEU,23,Male,Second,Data Science,Undergraduate,Off Campus,777
NEU,27,Male,Second,Cyber Security,Undergraduate,Off Campus,778
NYU,21,Male,Third,Artificial Intelligence,Graduate,Off Campus,779
USC,25,Female,Second,Artificial Intelligence,Undergraduate,Off Campus,780
UMass,19,Female,Third,Computer Science,Graduate,Off Campus,781
Harvard,28,Female,Second,Cyber Security,Graduate,On Campus,782
NEU,27,Male,Third,Data Science,Graduate,Off Campus,783
UTA,29,Female,Second,Artificial Intelligence,Graduate,On Campus,784
Upenn,19,Male,Third,Computer Science,Undergraduate,On Campus,785
NEU,28,Female,First,Computer Science,Undergraduate,Off Campus,786
IUB,19,Male,Third,Computer Science,Undergraduate,Off Campus,787
Upenn,20,Male,First,Cyber Security,Graduate,On Campus,788
UCI,25,Female,Second,Computer Science,Graduate,On Campus,789
USC,22,Male,Final,Computer Science,Undergraduate,Off Campus,790
Stanford,18,Female,First,Cyber Security,Graduate,Off Campus,791
NYU,25,Female,First,Data Science,Undergraduate,Off Campus,792
Stanford,28,Male,Third,Computer Science,Undergraduate,Off Campus,793
PSU,18,Male,Final,Cyber Security,Undergraduate,On Campus,794
TAMU,25,Female,Final,Computer Science,Undergraduate,On Campus,795
ASU,29,Male,Final,Data Science,Undergraduate,On Campus,796
TAMU,24,Male,First,Artificial Intelligence,Undergraduate,Off Campus,797
NEU,22,Female,First,Artificial Intelligence,Graduate,Off Campus,798
UCSD,20,Male,Second,Computer Science,Graduate,On Campus,799
UCLA,20,Female,First,Computer Science,Undergraduate,Off Campus,800
IUB,18,Female,First,Computer Science,Undergraduate,Off Campus,801
UCSD,29,Female,Second,Cyber Security,Graduate,Off Campus,802
TAMU,23,Female,First,Artificial Intelligence,Undergraduate,Off Campus,803
CMU,18,Female,Third,Cyber Security,Graduate,On Campus,804
NEU,24,Male,Second,Artificial Intelligence,Undergraduate,On Campus,805
USC,19,Male,First,Data Science,Graduate,On Campus,806
UTA,28,Female,Third,Cyber Security,Graduate,On Campus,807
NYU,18,Female,First,Cyber Security,Graduate,Off Campus,808
Harvard,29,Male,Final,Artificial Intelligence,Undergraduate,Off Campus,809
USC,28,Female,Final,Artificial Intelligence,Undergraduate,On Campus,810
CMU,28,Female,First,Computer Science,Graduate,On Campus,811
MIT,22,Male,Second,Computer Science,Undergraduate,On Campus,812
Upenn,21,Female,First,Artificial Intelligence,Undergraduate,Off Campus,813
NEU,19,Male,Final,Computer Science,Undergraduate,Off Campus,814
Harvard,24,Female,Second,Data Science,Graduate,Off Campus,815
MIT,26,Male,Final,Computer Science,Graduate,Off Campus,816
MIT,25,Male,Final,Computer Science,Undergraduate,Off Campus,817
NEU,22,Male,Third,Artificial Intelligence,Undergraduate,Off Campus,818
UTA,21,Female,Second,Computer Science,Undergraduate,On Campus,819
UTA,29,Male,First,Computer Science,Undergraduate,On Campus,820
UMass,29,Male,Second,Computer Science,Graduate,Off Campus,821
USC,21,Male,First,Computer Science,Undergraduate,Off Campus,822
ASU,28,Female,Second,Artificial Intelligence,Undergraduate,Off Campus,823
UTA,21,Male,Final,Computer Science,Undergraduate,On Campus,824
PSU,25,Male,Third,Computer Science,Undergraduate,Off Campus,825
PSU,22,Male,Second,Cyber Security,Undergraduate,On Campus,826
Upenn,27,Female,First,Artificial Intelligence,Graduate,Off Campus,827
ASU,25,Male,First,Data Science,Undergraduate,On Campus,828
Harvard,19,Female,Second,Data Science,Graduate,On Campus,829
UTA,19,Male,First,Computer Science,Undergraduate,On Campus,830
NEU,27,Female,First,Artificial Intelligence,Graduate,Off Campus,831
UCSD,19,Male,Second,Data Science,Undergraduate,Off Campus,832
NEU,20,Female,Third,Data Science,Graduate,Off Campus,833
USC,21,Male,First,Cyber Security,Undergraduate,Off Campus,834
PSU,20,Male,First,Cyber Security,Undergraduate,Off Campus,835
IUB,25,Male,Second,Artificial Intelligence,Undergraduate,Off Campus,836
Harvard,23,Male,Third,Cyber Security,Undergraduate,Off Campus,837
USC,21,Male,Final,Artificial Intelligence,Undergraduate,On Campus,838
USC,20,Male,First,Cyber Security,Undergraduate,On Campus,839
Harvard,19,Male,Second,Artificial Intelligence,Undergraduate,On Campus,840
IUB,19,Female,Third,Artificial Intelligence,Undergraduate,On Campus,841
UMD,18,Male,Final,Data Science,Undergraduate,Off Campus,842
UMD,21,Male,Final,Artificial Intelligence,Graduate,On Campus,843
UCLA,28,Male,Third,Artificial Intelligence,Undergraduate,On Campus,844
Stanford,22,Female,Third,Artificial Intelligence,Graduate,On Campus,845
UMass,19,Female,Second,Computer Science,Graduate,On Campus,846
Stanford,19,Male,Second,Artificial Intelligence,Undergraduate,On Campus,847
UTA,28,Male,Third,Cyber Security,Graduate,Off Campus,848
UTA,27,Female,Final,Computer Science,Graduate,Off Campus,849
UTA,29,Male,Final,Computer Science,Undergraduate,Off Campus,850
UCLA,26,Male,Final,Data Science,Graduate,Off Campus,851
UMD,28,Male,Second,Artificial Intelligence,Graduate,On Campus,852
TAMU,25,Male,Second,Data Science,Graduate,Off Campus,853
NEU,27,Male,Third,Data Science,Undergraduate,Off Campus,854
MIT,28,Male,Final,Artificial Intelligence,Graduate,Off Campus,855
Harvard,29,Female,Final,Data Science,Graduate,Off Campus,856
Upenn,26,Female,First,Computer Science,Undergraduate,Off Campus,857
CMU,22,Male,Final,Cyber Security,Graduate,Off Campus,858
UCI,25,Male,Final,Cyber Security,Graduate,Off Campus,859
UMass,26,Male,Third,Cyber Security,Undergraduate,On Campus,860
NYU,29,Male,First,Computer Science,Graduate,On Campus,861
NEU,18,Female,Second,Data Science,Graduate,On Campus,862
UCI,25,Female,Second,Data Science,Undergraduate,On Campus,863
PSU,24,Male,First,Cyber Security,Undergraduate,On Campus,864
TAMU,19,Female,Second,Data Science,Undergraduate,On Campus,865
NYU,29,Female,First,Computer Science,Undergraduate,Off Campus,866
MIT,27,Male,First,Data Science,Graduate,Off Campus,867
NEU,27,Female,Final,Artificial Intelligence,Undergraduate,Off Campus,868
UCLA,27,Male,Final,Artificial Intelligence,Graduate,On Campus,869
UCSD,27,Male,Second,Computer Science,Graduate,Off Campus,870
UMD,19,Male,Second,Cyber Security,Graduate,On Campus,871
IUB,28,Female,Third,Computer Science,Undergraduate,On Campus,872
UCLA,18,Male,Final,Data Science,Graduate,Off Campus,873
UCSD,22,Male,Second,Artificial Intelligence,Graduate,On Campus,874
ASU,22,Male,First,Computer Science,Graduate,Off Campus,875
UMD,21,Male,Final,Data Science,Undergraduate,On Campus,876
UCLA,27,Male,Third,Computer Science,Graduate,On Campus,877
Upenn,19,Female,Final,Computer Science,Undergraduate,Off Campus,878
Stanford,26,Female,Final,Data Science,Undergraduate,Off Campus,879
ASU,20,Female,Second,Artificial Intelligence,Graduate,Off Campus,880
NYU,27,Male,Third,Cyber Security,Graduate,On Campus,881
Upenn,19,Female,Third,Cyber Security,Undergraduate,Off Campus,882
Stanford,20,Male,Third,Computer Science,Undergraduate,On Campus,883
NYU,26,Female,Second,Artificial Intelligence,Graduate,On Campus,884
Upenn,21,Female,Third,Artificial Intelligence,Undergraduate,On Campus,885
Upenn,19,Male,First,Computer Science,Undergraduate,On Campus,886
IUB,26,Female,Final,Cyber Security,Undergraduate,Off Campus,887
USC,18,Female,Final,Cyber Security,Graduate,On Campus,888
UCSD,27,Female,First,Computer Science,Graduate,Off Campus,889
TAMU,24,Female,First,Cyber Security,Graduate,On Campus,890
ASU,28,Male,Final,Artificial Intelligence,Graduate,Off Campus,891
CMU,20,Male,First,Artificial Intelligence,Undergraduate,Off Campus,892
ASU,28,Female,First,Data Science,Undergraduate,Off Campus,893
UCI,23,Female,Third,Artificial Intelligence,Graduate,On Campus,894
Upenn,28,Female,First,Data Science,Undergraduate,Off Campus,895
UMass,25,Male,Final,Cyber Security,Graduate,Off Campus,896
TAMU,26,Male,First,Data Science,Graduate,Off Campus,897
NEU,23,Female,Final,Data Science,Graduate,On Campus,898
Harvard,23,Male,Third,Data Science,Undergraduate,On Campus,899
UMass,23,Female,First,Artificial Intelligence,Undergraduate,On Campus,900
UCLA,28,Female,First,Data Science,Undergraduate,Off Campus,901
Harvard,23,Female,Third,Data Science,Undergraduate,On Campus,902
NYU,26,Male,Final,Computer Science,Undergraduate,Off Campus,903
UTA,20,Male,Final,Data Science,Undergraduate,On Campus,904
UMD,18,Female,Second,Cyber Security,Graduate,On Campus,905
Stanford,20,Female,First,Computer Science,Graduate,Off Campus,906
UMD,20,Male,Third,Cyber Security,Undergraduate,Off Campus,907
UMass,18,Male,Second,Computer Science,Graduate,Off Campus,908
USC,27,Male,Second,Artificial Intelligence,Graduate,Off Campus,909
Upenn,18,Female,First,Data Science,Undergraduate,On Campus,910
NEU,18,Female,First,Computer Science,Graduate,On Campus,911
NYU,20,Female,Second,Artificial Intelligence,Undergraduate,Off Campus,912
UCI,28,Female,Second,Cyber Security,Undergraduate,On Campus,913
UCI,27,Male,First,Data Science,Undergraduate,On Campus,914
UMass,24,Female,Third,Artificial Intelligence,Graduate,On Campus,915
UMass,29,Male,Second,Data Science,Graduate,Off Campus,916
UMass,19,Male,Second,Computer Science,Graduate,On Campus,917
UCLA,24,Female,Third,Artificial Intelligence,Graduate,On Campus,918
TAMU,23,Female,First,Computer Science,Undergraduate,On Campus,919
MIT,26,Female,Third,Artificial Intelligence,Graduate,On Campus,920
MIT,18,Female,Final,Cyber Security,Undergraduate,Off Campus,921
USC,26,Male,Second,Artificial Intelligence,Undergraduate,On Campus,922
IUB,26,Male,First,Artificial Intelligence,Undergraduate,Off Campus,923
UCI,21,Male,Third,Computer Science,Graduate,On Campus,924
MIT,28,Male,First,Computer Science,Undergraduate,Off Campus,925
Harvard,25,Male,Second,Data Science,Undergraduate,Off Campus,926
PSU,22,Female,First,Artificial Intelligence,Undergraduate,Off Campus,927
MIT,29,Male,Third,Computer Science,Undergraduate,Off Campus,928
UMD,19,Male,Final,Computer Science,Undergraduate,On Campus,929
NYU,26,Male,First,Artificial Intelligence,Graduate,On Campus,930
CMU,22,Male,First,Computer Science,Graduate,On Campus,931
MIT,22,Male,Third,Cyber Security,Undergraduate,On Campus,932
UCI,26,Female,Third,Data Science,Undergraduate,Off Campus,933
MIT,22,Male,First,Data Science,Graduate,On Campus,934
MIT,29,Male,First,Cyber Security,Undergraduate,Off Campus,935
MIT,24,Male,Second,Data Science,Graduate,Off Campus,936
UCI,27,Female,Third,Cyber Security,Undergraduate,On Campus,937
UTA,20,Female,Third,Computer Science,Graduate,On Campus,938
NEU,19,Male,Second,Computer Science,Undergraduate,On Campus,939
MIT,27,Male,Second,Artificial Intelligence,Graduate,Off Campus,940
Harvard,24,Male,Third,Cyber Security,Undergraduate,Off Campus,941
ASU,25,Female,First,Cyber Security,Graduate,On Campus,942
UCSD,25,Female,Third,Artificial Intelligence,Graduate,Off Campus,943
Stanford,21,Female,Final,Data Science,Undergraduate,On Campus,944
UCSD,21,Female,First,Cyber Security,Undergraduate,Off Campus,945
TAMU,27,Female,Third,Computer Science,Undergraduate,On Campus,946
CMU,28,Female,Final,Cyber Security,Undergraduate,On Campus,947
UCI,25,Male,Final,Computer Science,Undergraduate,Off Campus,948
Stanford,26,Female,Third,Computer Science,Undergraduate,Off Campus,949
PSU,20,Female,Final,Computer Science,Graduate,Off Campus,950
NEU,28,Female,First,Artificial Intelligence,Graduate,Off Campus,951
MIT,20,Male,First,Computer Science,Graduate,Off Campus,952
USC,26,Female,Second,Cyber Security,Undergraduate,On Campus,953
Stanford,21,Male,Second,Artificial Intelligence,Graduate,Off Campus,954
UMD,18,Male,First,Cyber Security,Graduate,Off Campus,955
NEU,27,Male,Second,Data Science,Undergraduate,On Campus,956
ASU,29,Female,First,Computer Science,Undergraduate,Off Campus,957
UCSD,28,Male,Second,Cyber Security,Undergraduate,Off Campus,958
Harvard,19,Male,Final,Computer Science,Undergraduate,On Campus,959
UCLA,28,Male,First,Cyber Security,Graduate,Off Campus,960
MIT,23,Female,Final,Cyber Security,Graduate,On Campus,961
USC,20,Male,Final,Data Science,Undergraduate,On Campus,962
UMD,29,Female,Final,Cyber Security,Graduate,On Campus,963
PSU,23,Male,Third,Cyber Security,Undergraduate,Off Campus,964
USC,18,Female,Final,Computer Science,Undergraduate,Off Campus,965
UCSD,23,Female,Second,Data Science,Graduate,On Campus,966
MIT,20,Female,First,Artificial Intelligence,Graduate,Off Campus,967
Stanford,24,Female,First,Artificial Intelligence,Graduate,On Campus,968
UMD,27,Female,First,Cyber Security,Undergraduate,Off Campus,969
IUB,21,Female,Final,Data Science,Undergraduate,On Campus,970
NEU,18,Male,Third,Artificial Intelligence,Graduate,Off Campus,971
UCLA,23,Female,Third,Artificial Intelligence,Graduate,Off Campus,972
USC,29,Female,Second,Artificial Intelligence,Graduate,Off Campus,973
UMass,20,Male,First,Data Science,Undergraduate,On Campus,974
UCI,26,Male,Final,Data Science,Graduate,On Campus,975
UCSD,29,Female,Third,Data Science,Graduate,On Campus,976
TAMU,28,Male,First,Cyber Security,Undergraduate,On Campus,977
Upenn,22,Male,Final,Cyber Security,Graduate,Off Campus,978
NYU,29,Male,Final,Data Science,Undergraduate,On Campus,979
IUB,25,Female,First,Computer Science,Graduate,On Campus,980
Stanford,29,Male,Second,Artificial Intelligence,Undergraduate,Off Campus,981
MIT,27,Female,Second,Cyber Security,Graduate,On Campus,982
MIT,22,Female,Final,Computer Science,Undergraduate,Off Campus,983
UTA,26,Male,Third,Computer Science,Graduate,On Campus,984
Harvard,25,Male,Final,Data Science,Undergraduate,On Campus,985
MIT,21,Female,First,Cyber Security,Graduate,On Campus,986
UCI,25,Female,Final,Data Science,Graduate,Off Campus,987
NEU,28,Male,Third,Data Science,Graduate,On Campus,988
UCLA,19,Female,Third,Cyber Security,Undergraduate,Off Campus,989
ASU,18,Female,Final,Computer Science,Undergraduate,On Campus,990
Stanford,25,Male,Final,Artificial Intelligence,Graduate,Off Campus,991
USC,21,Male,Second,Data Science,Undergraduate,Off Campus,992
MIT,29,Male,Second,Artificial Intelligence,Undergraduate,Off Campus,993
UTA,22,Male,Third,Data Science,Undergraduate,Off Campus,994
Harvard,20,Male,Third,Data Science,Graduate,Off Campus,995
NYU,25,Male,Second,Cyber Security,Undergraduate,On Campus,996
UCI,27,Male,Third,Artificial Intelligence,Undergraduate,On Campus,997
Upenn,22,Male,Final,Data Science,Graduate,Off Campus,998
PSU,19,Male,First,Computer Science,Graduate,Off Campus,999
Upenn,21,Female,First,Artificial Intelligence,Undergraduate,Off Campus,1000
