average_sleep,cgpa,stress_relief_activities,study_satisfaction,academic_workload ,academic_pressure,student_id
10-12 hours,2.38,Cooking,1,3,4,1
4-6 hours,2.48,Yoga,4,2,2,2
4-6 hours,3.43,Music,3,3,5,3
8-10 hours,3.34,Writing,3,2,3,4
2-4 hours,2.48,Travelling,2,2,1,5
6-8 hours,3.83,Running,4,2,5,6
6-8 hours,3.78,Swimming,2,2,2,7
2-4 hours,2.96,Travelling,5,2,2,8
8-10 hours,3.66,Travelling,4,1,5,9
6-8 hours,3.8,Music,5,2,1,10
8-10 hours,3.41,Gym,2,2,5,11
4-6 hours,2.78,Reading,2,1,1,12
6-8 hours,2.49,Reading,3,3,4,13
4-6 hours,3.19,Writing,2,3,4,14
2-4 hours,3.36,Writing,1,2,5,15
8-10 hours,3.8,Writing,1,3,2,16
2-4 hours,3.76,Sports,1,1,1,17
8-10 hours,3.94,Gym,4,3,3,18
10-12 hours,3.48,Music,1,3,2,19
4-6 hours,3.31,Cooking,3,2,5,20
6-8 hours,3.57,Running,2,3,3,21
2-4 hours,4.0,Yoga,5,2,1,22
4-6 hours,3.21,Gym,2,3,5,23
2-4 hours,4.0,Music,4,3,5,24
2-4 hours,3.7,Yoga,1,1,2,25
6-8 hours,4.0,Yoga,2,3,4,26
8-10 hours,3.26,Running,5,2,4,27
8-10 hours,4.0,Swimming,4,1,2,28
6-8 hours,3.58,Sports,3,1,3,29
4-6 hours,4.0,Travelling,2,2,3,30
2-4 hours,3.56,Sports,3,1,1,31
4-6 hours,4.0,Writing,2,3,2,32
2-4 hours,2.6,Writing,5,1,5,33
10-12 hours,2.94,Cooking,2,1,4,34
6-8 hours,4.0,Gardening,3,1,4,35
2-4 hours,3.95,Reading,4,1,5,36
10-12 hours,4.0,Swimming,4,2,3,37
6-8 hours,3.62,Cooking,3,2,4,38
2-4 hours,4.0,Yoga,5,2,5,39
10-12 hours,3.55,Travelling,3,3,3,40
4-6 hours,3.25,Swimming,4,2,4,41
4-6 hours,2.43,Gym,2,3,2,42
8-10 hours,3.4,Sports,3,2,4,43
8-10 hours,3.23,Sports,5,3,3,44
8-10 hours,3.88,Running,1,2,5,45
4-6 hours,3.61,Reading,1,1,4,46
8-10 hours,3.71,Writing,1,1,5,47
8-10 hours,2.91,Swimming,5,2,5,48
6-8 hours,3.21,Writing,1,3,1,49
6-8 hours,4.0,Yoga,4,2,2,50
4-6 hours,3.45,Cooking,3,1,2,51
6-8 hours,3.69,Travelling,2,1,1,52
8-10 hours,2.96,Running,1,3,2,53
2-4 hours,4.0,Writing,2,3,1,54
4-6 hours,4.0,Gym,1,3,3,55
10-12 hours,3.93,Gym,4,3,4,56
10-12 hours,3.39,Writing,5,1,4,57
8-10 hours,4.0,Cooking,2,2,3,58
10-12 hours,3.15,Running,2,1,3,59
10-12 hours,3.06,Running,4,2,5,60
2-4 hours,3.9,Reading,5,3,5,61
6-8 hours,3.1,Swimming,1,1,3,62
4-6 hours,3.16,Reading,1,2,2,63
8-10 hours,3.77,Reading,4,2,1,64
2-4 hours,3.18,Reading,2,1,2,65
8-10 hours,3.24,Running,2,2,5,66
8-10 hours,3.77,Travelling,5,1,1,67
6-8 hours,3.34,Music,5,1,3,68
8-10 hours,2.74,Yoga,3,1,5,69
4-6 hours,3.77,Music,3,3,3,70
8-10 hours,4.0,Writing,5,3,4,71
10-12 hours,3.15,Cooking,4,1,2,72
10-12 hours,3.5,Writing,2,1,4,73
10-12 hours,3.91,Cooking,4,1,1,74
2-4 hours,3.99,Travelling,3,3,5,75
8-10 hours,3.1,Writing,3,3,3,76
4-6 hours,2.88,Music,4,2,2,77
10-12 hours,3.68,Reading,1,2,3,78
6-8 hours,3.18,Gym,5,3,1,79
4-6 hours,4.0,Reading,3,2,2,80
8-10 hours,3.27,Swimming,3,3,4,81
6-8 hours,3.5,Travelling,1,1,5,82
10-12 hours,2.96,Sports,1,1,1,83
10-12 hours,3.39,Swimming,2,2,5,84
10-12 hours,3.75,Writing,1,2,5,85
8-10 hours,3.44,Writing,5,2,4,86
10-12 hours,4.0,Music,3,1,1,87
2-4 hours,3.84,Writing,1,2,4,88
10-12 hours,4.0,Travelling,2,1,4,89
10-12 hours,3.4,Travelling,4,3,4,90
4-6 hours,3.61,Swimming,5,1,3,91
10-12 hours,4.0,Reading,5,1,4,92
10-12 hours,3.98,Yoga,3,1,5,93
10-12 hours,4.0,Yoga,2,2,5,94
6-8 hours,3.67,Swimming,5,3,4,95
8-10 hours,3.38,Running,4,2,3,96
6-8 hours,2.68,Running,5,1,4,97
4-6 hours,3.23,Music,3,3,1,98
2-4 hours,3.85,Sports,1,2,4,99
10-12 hours,3.41,Writing,3,3,3,100
4-6 hours,3.94,Music,5,1,3,101
10-12 hours,3.48,Gardening,3,3,2,102
6-8 hours,2.97,Writing,1,2,1,103
4-6 hours,3.42,Music,4,3,1,104
2-4 hours,3.28,Music,3,1,2,105
4-6 hours,3.87,Music,1,2,2,106
4-6 hours,3.75,Travelling,3,3,5,107
2-4 hours,4.0,Cooking,1,1,5,108
4-6 hours,3.48,Music,1,1,2,109
8-10 hours,3.94,Yoga,3,1,1,110
4-6 hours,3.32,Gardening,3,1,4,111
6-8 hours,3.25,Sports,2,1,5,112
2-4 hours,3.46,Swimming,5,1,3,113
4-6 hours,3.38,Sports,2,1,5,114
2-4 hours,4.0,Gym,5,2,4,115
4-6 hours,3.16,Writing,5,1,3,116
10-12 hours,3.25,Travelling,5,1,2,117
6-8 hours,2.8,Yoga,1,3,1,118
8-10 hours,3.2,Gardening,3,1,5,119
8-10 hours,3.05,Cooking,2,1,4,120
2-4 hours,3.21,Sports,2,2,5,121
2-4 hours,2.56,Running,3,3,4,122
8-10 hours,3.09,Sports,4,1,3,123
4-6 hours,4.0,Swimming,1,2,4,124
4-6 hours,3.83,Running,1,3,4,125
10-12 hours,3.87,Reading,3,2,2,126
8-10 hours,3.13,Gardening,4,2,4,127
2-4 hours,2.57,Cooking,2,2,2,128
2-4 hours,3.35,Writing,3,3,4,129
4-6 hours,3.69,Sports,2,1,4,130
4-6 hours,3.71,Gym,3,3,3,131
8-10 hours,2.95,Gardening,4,1,1,132
6-8 hours,3.65,Writing,4,2,4,133
2-4 hours,3.62,Running,3,1,2,134
4-6 hours,4.0,Running,3,2,4,135
6-8 hours,2.57,Travelling,5,2,3,136
6-8 hours,3.97,Cooking,3,1,2,137
6-8 hours,2.57,Cooking,4,2,5,138
10-12 hours,3.81,Running,5,1,4,139
2-4 hours,3.08,Yoga,3,1,3,140
8-10 hours,2.89,Gym,2,1,3,141
4-6 hours,4.0,Swimming,1,3,3,142
6-8 hours,3.3,Travelling,3,1,3,143
8-10 hours,3.96,Gardening,3,2,4,144
8-10 hours,3.86,Travelling,2,2,4,145
6-8 hours,3.43,Music,4,3,5,146
10-12 hours,3.67,Yoga,2,2,5,147
8-10 hours,4.0,Cooking,4,3,5,148
8-10 hours,2.88,Yoga,3,3,3,149
2-4 hours,2.98,Travelling,2,3,3,150
4-6 hours,4.0,Yoga,2,3,3,151
8-10 hours,4.0,Cooking,3,1,1,152
10-12 hours,4.0,Cooking,3,1,4,153
8-10 hours,3.92,Reading,4,1,2,154
6-8 hours,3.51,Running,4,1,1,155
2-4 hours,3.52,Swimming,3,1,2,156
2-4 hours,3.4,Cooking,2,2,4,157
8-10 hours,2.28,Sports,3,3,5,158
4-6 hours,3.75,Cooking,3,3,1,159
6-8 hours,3.57,Yoga,5,3,1,160
4-6 hours,3.75,Travelling,3,1,3,161
10-12 hours,3.13,Running,2,3,1,162
8-10 hours,3.59,Travelling,3,1,2,163
2-4 hours,3.13,Yoga,4,3,1,164
8-10 hours,3.17,Gym,1,3,2,165
2-4 hours,3.57,Gym,4,2,4,166
8-10 hours,4.0,Gym,3,2,3,167
10-12 hours,4.0,Travelling,5,1,1,168
10-12 hours,4.0,Yoga,1,3,3,169
6-8 hours,2.35,Yoga,2,3,1,170
6-8 hours,3.74,Sports,5,1,3,171
6-8 hours,3.57,Cooking,3,1,2,172
2-4 hours,4.0,Cooking,5,2,4,173
10-12 hours,2.71,Cooking,4,3,1,174
8-10 hours,3.87,Gardening,3,2,4,175
8-10 hours,3.06,Sports,5,1,1,176
6-8 hours,3.73,Music,5,1,2,177
10-12 hours,3.39,Sports,5,1,1,178
4-6 hours,2.99,Swimming,5,2,2,179
8-10 hours,3.95,Running,4,1,4,180
4-6 hours,3.63,Yoga,5,2,3,181
2-4 hours,4.0,Travelling,2,1,2,182
8-10 hours,2.48,Cooking,3,2,5,183
6-8 hours,3.17,Travelling,1,3,1,184
2-4 hours,2.92,Sports,2,1,1,185
2-4 hours,3.79,Cooking,1,2,4,186
8-10 hours,2.68,Gym,3,1,5,187
4-6 hours,3.29,Running,3,1,2,188
10-12 hours,3.34,Music,3,3,1,189
10-12 hours,3.87,Cooking,1,1,4,190
6-8 hours,3.46,Music,1,2,1,191
2-4 hours,3.94,Gardening,1,3,2,192
8-10 hours,3.2,Swimming,3,3,1,193
8-10 hours,3.23,Gardening,2,2,4,194
6-8 hours,3.41,Sports,1,3,2,195
10-12 hours,2.78,Music,3,3,5,196
6-8 hours,2.98,Gardening,2,3,5,197
6-8 hours,2.8,Cooking,5,1,5,198
4-6 hours,3.73,Writing,4,2,5,199
6-8 hours,3.47,Gym,2,2,4,200
4-6 hours,3.8,Travelling,4,1,1,201
6-8 hours,3.53,Yoga,3,3,4,202
8-10 hours,4.0,Reading,3,3,4,203
6-8 hours,3.11,Writing,4,2,5,204
2-4 hours,2.82,Yoga,4,1,1,205
2-4 hours,3.63,Gym,2,3,5,206
4-6 hours,3.83,Writing,1,2,4,207
4-6 hours,2.96,Swimming,4,3,3,208
8-10 hours,3.55,Writing,4,3,4,209
4-6 hours,3.45,Yoga,1,3,3,210
6-8 hours,3.16,Writing,4,1,3,211
8-10 hours,3.01,Sports,5,2,2,212
8-10 hours,3.68,Yoga,2,3,4,213
10-12 hours,3.8,Sports,3,2,5,214
2-4 hours,3.67,Running,1,1,4,215
2-4 hours,3.87,Swimming,4,3,2,216
4-6 hours,2.62,Music,5,2,3,217
10-12 hours,3.89,Writing,2,1,1,218
2-4 hours,3.99,Yoga,1,3,3,219
6-8 hours,3.59,Music,4,2,4,220
4-6 hours,3.42,Gym,2,2,4,221
6-8 hours,3.49,Cooking,2,1,4,222
2-4 hours,3.21,Sports,5,3,2,223
2-4 hours,3.71,Music,1,2,5,224
6-8 hours,3.4,Cooking,1,2,4,225
6-8 hours,4.0,Travelling,3,1,4,226
4-6 hours,3.6,Travelling,5,3,2,227
4-6 hours,3.91,Running,5,1,1,228
6-8 hours,3.23,Cooking,2,1,3,229
6-8 hours,2.43,Writing,3,3,3,230
6-8 hours,3.98,Music,5,2,4,231
4-6 hours,4.0,Gym,4,3,2,232
8-10 hours,3.24,Travelling,1,3,2,233
8-10 hours,3.4,Gardening,2,3,1,234
4-6 hours,3.62,Gardening,2,2,5,235
2-4 hours,3.64,Gym,1,2,5,236
10-12 hours,3.35,Music,4,3,4,237
10-12 hours,3.43,Yoga,3,2,1,238
4-6 hours,4.0,Gardening,4,1,1,239
10-12 hours,3.48,Writing,5,2,2,240
6-8 hours,4.0,Reading,2,3,4,241
8-10 hours,3.32,Writing,2,2,5,242
6-8 hours,2.76,Swimming,2,3,5,243
4-6 hours,3.36,Running,5,2,2,244
6-8 hours,3.68,Travelling,5,1,3,245
6-8 hours,3.86,Gardening,4,3,4,246
8-10 hours,4.0,Writing,2,3,2,247
6-8 hours,4.0,Sports,1,3,1,248
4-6 hours,3.91,Cooking,4,1,5,249
2-4 hours,3.27,Cooking,4,2,2,250
8-10 hours,3.83,Sports,2,1,1,251
8-10 hours,3.42,Writing,5,3,1,252
2-4 hours,4.0,Writing,4,1,2,253
4-6 hours,3.15,Music,4,2,4,254
4-6 hours,3.28,Writing,5,1,4,255
8-10 hours,3.61,Music,5,3,2,256
4-6 hours,4.0,Sports,1,2,4,257
6-8 hours,4.0,Travelling,1,2,1,258
4-6 hours,2.96,Yoga,5,1,1,259
2-4 hours,3.61,Writing,4,3,2,260
2-4 hours,4.0,Travelling,4,3,3,261
10-12 hours,3.33,Running,1,1,3,262
8-10 hours,4.0,Swimming,4,3,5,263
8-10 hours,3.25,Writing,2,2,5,264
6-8 hours,3.41,Music,4,2,5,265
4-6 hours,4.0,Music,3,3,2,266
8-10 hours,4.0,Sports,2,2,1,267
6-8 hours,4.0,Gym,3,1,3,268
2-4 hours,3.63,Gym,2,3,5,269
8-10 hours,4.0,Music,4,3,2,270
10-12 hours,3.13,Gardening,3,2,2,271
2-4 hours,2.83,Sports,5,2,5,272
4-6 hours,3.76,Reading,5,2,3,273
4-6 hours,3.84,Sports,4,3,2,274
10-12 hours,4.0,Reading,5,1,1,275
6-8 hours,3.45,Yoga,1,2,3,276
4-6 hours,4.0,Gardening,3,1,1,277
4-6 hours,4.0,Sports,2,2,5,278
10-12 hours,3.21,Swimming,1,3,4,279
4-6 hours,2.52,Gym,3,1,1,280
4-6 hours,3.07,Writing,1,1,3,281
6-8 hours,3.73,Sports,3,1,5,282
4-6 hours,3.68,Writing,1,2,3,283
10-12 hours,4.0,Gym,1,1,5,284
2-4 hours,4.0,Sports,5,2,1,285
4-6 hours,2.98,Music,3,1,5,286
10-12 hours,3.84,Gym,5,2,4,287
10-12 hours,3.67,Writing,3,3,4,288
2-4 hours,3.54,Cooking,2,2,1,289
8-10 hours,3.12,Reading,5,2,5,290
2-4 hours,3.98,Sports,2,2,4,291
8-10 hours,4.0,Running,2,3,3,292
8-10 hours,2.74,Reading,4,3,3,293
6-8 hours,3.27,Writing,5,2,3,294
2-4 hours,3.19,Reading,5,1,2,295
4-6 hours,3.93,Running,2,2,5,296
10-12 hours,3.77,Swimming,5,3,1,297
10-12 hours,3.73,Running,3,2,2,298
10-12 hours,4.0,Travelling,3,2,1,299
4-6 hours,3.96,Gym,1,2,5,300
4-6 hours,3.46,Running,5,3,4,301
4-6 hours,3.47,Reading,5,3,4,302
8-10 hours,2.39,Cooking,3,2,4,303
8-10 hours,3.54,Reading,5,2,5,304
6-8 hours,3.58,Swimming,5,3,4,305
4-6 hours,2.99,Swimming,3,3,4,306
4-6 hours,3.78,Travelling,5,2,3,307
10-12 hours,3.66,Cooking,2,2,5,308
8-10 hours,4.0,Reading,4,3,5,309
10-12 hours,3.05,Swimming,4,2,5,310
6-8 hours,3.32,Music,2,3,2,311
10-12 hours,3.35,Reading,2,1,3,312
6-8 hours,2.44,Sports,3,2,4,313
10-12 hours,2.99,Travelling,5,1,1,314
4-6 hours,3.88,Swimming,3,1,4,315
8-10 hours,2.7,Swimming,4,1,2,316
10-12 hours,4.0,Swimming,1,3,2,317
2-4 hours,3.41,Writing,5,1,1,318
2-4 hours,4.0,Gym,2,3,4,319
2-4 hours,3.06,Swimming,2,2,1,320
6-8 hours,4.0,Cooking,5,2,5,321
10-12 hours,2.92,Sports,4,3,5,322
10-12 hours,3.36,Running,4,1,1,323
4-6 hours,2.67,Running,4,3,2,324
6-8 hours,3.87,Gym,1,3,3,325
4-6 hours,3.12,Reading,5,1,5,326
2-4 hours,3.94,Reading,4,3,3,327
6-8 hours,3.44,Music,4,1,2,328
4-6 hours,3.51,Cooking,2,1,3,329
2-4 hours,2.98,Cooking,1,2,1,330
6-8 hours,3.54,Music,3,1,5,331
8-10 hours,3.21,Yoga,4,3,5,332
10-12 hours,2.98,Reading,2,1,2,333
10-12 hours,2.88,Yoga,4,1,2,334
10-12 hours,3.6,Running,5,1,1,335
8-10 hours,3.02,Yoga,2,3,2,336
8-10 hours,4.0,Music,2,1,1,337
10-12 hours,3.72,Sports,3,2,1,338
6-8 hours,3.68,Reading,5,1,4,339
10-12 hours,2.64,Yoga,5,3,4,340
8-10 hours,3.44,Swimming,2,2,1,341
4-6 hours,3.44,Running,4,2,2,342
4-6 hours,3.7,Sports,3,2,3,343
8-10 hours,3.38,Cooking,3,3,2,344
6-8 hours,3.37,Yoga,3,1,4,345
10-12 hours,4.0,Reading,3,1,1,346
6-8 hours,3.97,Gardening,4,1,4,347
4-6 hours,3.33,Cooking,5,2,5,348
6-8 hours,3.35,Running,2,1,3,349
2-4 hours,3.77,Cooking,4,2,3,350
6-8 hours,3.1,Reading,1,2,4,351
2-4 hours,2.95,Cooking,2,3,1,352
6-8 hours,3.44,Travelling,1,3,4,353
6-8 hours,3.55,Writing,5,3,4,354
4-6 hours,3.19,Reading,3,2,3,355
8-10 hours,2.69,Gym,3,1,5,356
8-10 hours,3.59,Writing,3,1,1,357
8-10 hours,3.52,Gym,4,1,4,358
6-8 hours,3.5,Gardening,3,2,3,359
6-8 hours,2.87,Swimming,1,1,5,360
10-12 hours,2.84,Swimming,2,2,5,361
10-12 hours,3.47,Travelling,1,2,4,362
8-10 hours,3.02,Writing,2,2,4,363
6-8 hours,3.5,Gardening,5,2,3,364
6-8 hours,3.29,Gardening,5,3,2,365
8-10 hours,2.91,Cooking,5,1,4,366
4-6 hours,2.57,Sports,1,2,5,367
6-8 hours,4.0,Reading,3,1,4,368
4-6 hours,3.04,Cooking,4,2,3,369
4-6 hours,2.14,Running,2,2,4,370
8-10 hours,3.83,Yoga,2,3,5,371
6-8 hours,3.52,Travelling,2,1,4,372
4-6 hours,4.0,Gardening,5,2,4,373
8-10 hours,2.48,Reading,1,2,3,374
8-10 hours,3.51,Sports,2,3,2,375
10-12 hours,3.01,Travelling,5,1,3,376
2-4 hours,3.61,Gardening,1,2,5,377
2-4 hours,3.82,Music,4,1,1,378
10-12 hours,3.82,Music,4,1,3,379
10-12 hours,3.35,Gym,2,2,2,380
4-6 hours,3.65,Gym,3,2,4,381
4-6 hours,4.0,Reading,2,1,2,382
10-12 hours,3.61,Writing,2,3,5,383
4-6 hours,2.71,Swimming,3,1,1,384
6-8 hours,3.79,Gardening,4,1,4,385
8-10 hours,3.02,Sports,4,1,5,386
2-4 hours,3.69,Running,4,2,2,387
2-4 hours,3.46,Cooking,3,3,1,388
4-6 hours,3.75,Sports,2,1,4,389
2-4 hours,3.01,Running,1,3,5,390
8-10 hours,4.0,Sports,3,1,5,391
4-6 hours,3.07,Gardening,3,3,5,392
2-4 hours,4.0,Travelling,2,2,4,393
8-10 hours,3.32,Gym,5,3,2,394
2-4 hours,4.0,Running,5,1,4,395
6-8 hours,3.12,Swimming,5,2,3,396
2-4 hours,3.89,Running,4,3,2,397
4-6 hours,4.0,Music,5,1,3,398
2-4 hours,3.36,Travelling,4,3,3,399
8-10 hours,3.42,Sports,5,2,3,400
8-10 hours,3.63,Writing,5,3,1,401
8-10 hours,3.53,Cooking,2,2,4,402
2-4 hours,3.93,Running,3,1,2,403
2-4 hours,3.21,Running,4,2,4,404
4-6 hours,4.0,Sports,5,3,4,405
6-8 hours,4.0,Swimming,4,2,3,406
4-6 hours,3.89,Running,5,2,2,407
8-10 hours,3.66,Music,4,1,1,408
4-6 hours,2.7,Swimming,3,1,2,409
2-4 hours,3.72,Cooking,1,2,4,410
4-6 hours,2.95,Swimming,3,2,3,411
8-10 hours,3.61,Gardening,2,3,3,412
4-6 hours,2.99,Travelling,5,1,5,413
6-8 hours,3.19,Gym,5,1,4,414
2-4 hours,4.0,Cooking,1,2,2,415
6-8 hours,4.0,Writing,4,2,5,416
8-10 hours,3.28,Gym,3,1,5,417
2-4 hours,3.72,Yoga,5,3,1,418
6-8 hours,4.0,Gardening,2,1,1,419
2-4 hours,3.67,Sports,5,1,2,420
2-4 hours,3.92,Swimming,2,1,1,421
6-8 hours,3.28,Gym,5,2,4,422
10-12 hours,3.75,Yoga,4,2,5,423
2-4 hours,3.47,Travelling,2,3,1,424
8-10 hours,4.0,Writing,1,2,1,425
10-12 hours,3.55,Gardening,1,1,4,426
8-10 hours,3.22,Music,4,2,1,427
2-4 hours,3.49,Gardening,3,1,2,428
6-8 hours,3.66,Gardening,4,3,5,429
8-10 hours,3.99,Music,4,2,2,430
4-6 hours,4.0,Reading,4,1,5,431
6-8 hours,3.46,Gym,3,2,2,432
6-8 hours,2.91,Sports,2,3,4,433
10-12 hours,3.28,Travelling,2,2,5,434
10-12 hours,3.34,Reading,5,2,4,435
6-8 hours,4.0,Gardening,4,2,1,436
2-4 hours,3.58,Sports,4,3,4,437
6-8 hours,4.0,Gym,1,3,2,438
2-4 hours,3.31,Gardening,5,2,2,439
2-4 hours,3.25,Gym,2,2,1,440
8-10 hours,3.57,Music,5,2,4,441
8-10 hours,2.87,Yoga,4,2,3,442
6-8 hours,3.26,Gym,2,3,5,443
6-8 hours,3.67,Sports,5,2,5,444
6-8 hours,4.0,Gardening,1,3,5,445
6-8 hours,3.67,Reading,3,1,4,446
10-12 hours,3.78,Running,1,2,5,447
2-4 hours,3.44,Writing,3,3,1,448
10-12 hours,3.47,Swimming,4,2,4,449
6-8 hours,2.97,Gym,3,2,3,450
10-12 hours,4.0,Music,3,3,1,451
8-10 hours,3.65,Gym,4,3,4,452
6-8 hours,3.1,Running,3,2,2,453
10-12 hours,4.0,Running,2,3,3,454
6-8 hours,3.96,Cooking,1,1,3,455
6-8 hours,3.52,Travelling,3,2,1,456
2-4 hours,2.96,Writing,3,1,1,457
2-4 hours,3.73,Yoga,5,1,1,458
6-8 hours,2.77,Music,4,3,2,459
4-6 hours,3.31,Sports,4,3,3,460
4-6 hours,3.44,Cooking,4,3,4,461
10-12 hours,3.41,Travelling,2,2,3,462
6-8 hours,4.0,Swimming,5,1,5,463
2-4 hours,3.37,Gym,5,3,4,464
6-8 hours,3.97,Gardening,1,3,2,465
10-12 hours,4.0,Running,3,2,5,466
10-12 hours,3.38,Cooking,5,2,5,467
4-6 hours,3.64,Music,4,1,5,468
10-12 hours,3.63,Gym,5,1,1,469
4-6 hours,3.9,Reading,1,3,5,470
4-6 hours,3.57,Yoga,4,3,1,471
10-12 hours,3.6,Sports,1,2,2,472
10-12 hours,2.59,Music,1,1,1,473
6-8 hours,3.52,Sports,3,1,3,474
2-4 hours,3.19,Gardening,1,3,5,475
10-12 hours,4.0,Running,5,3,3,476
8-10 hours,3.73,Gym,3,1,2,477
2-4 hours,3.67,Travelling,2,3,3,478
4-6 hours,3.07,Gardening,4,2,1,479
6-8 hours,3.51,Music,3,2,2,480
2-4 hours,3.01,Writing,3,2,3,481
10-12 hours,3.7,Cooking,2,3,2,482
6-8 hours,4.0,Sports,4,3,4,483
8-10 hours,3.73,Gardening,1,2,5,484
4-6 hours,4.0,Writing,4,2,5,485
6-8 hours,3.12,Music,4,3,5,486
8-10 hours,3.11,Sports,4,2,2,487
8-10 hours,2.75,Reading,1,1,4,488
8-10 hours,3.82,Travelling,2,1,2,489
10-12 hours,3.75,Travelling,1,3,4,490
4-6 hours,2.98,Yoga,2,2,2,491
2-4 hours,3.5,Swimming,3,3,5,492
4-6 hours,3.16,Writing,1,3,5,493
10-12 hours,3.62,Music,2,3,2,494
10-12 hours,4.0,Travelling,4,2,1,495
6-8 hours,2.95,Running,3,1,3,496
10-12 hours,3.47,Sports,5,2,2,497
8-10 hours,3.78,Travelling,4,1,1,498
2-4 hours,3.51,Gym,3,1,4,499
2-4 hours,3.1,Reading,2,1,4,500
2-4 hours,3.09,Travelling,5,3,1,501
2-4 hours,3.84,Swimming,2,3,1,502
2-4 hours,2.46,Swimming,1,3,1,503
10-12 hours,2.53,Reading,5,2,5,504
4-6 hours,4.0,Sports,3,3,2,505
10-12 hours,2.88,Swimming,4,1,5,506
4-6 hours,4.0,Music,2,2,1,507
6-8 hours,3.08,Gardening,3,2,4,508
6-8 hours,3.43,Sports,3,1,1,509
2-4 hours,3.86,Running,1,1,2,510
8-10 hours,3.09,Writing,5,1,4,511
6-8 hours,4.0,Swimming,2,3,4,512
4-6 hours,3.76,Yoga,1,3,1,513
8-10 hours,3.41,Cooking,3,1,4,514
6-8 hours,3.64,Running,3,3,5,515
6-8 hours,2.55,Gardening,1,2,5,516
10-12 hours,3.76,Gym,1,1,5,517
4-6 hours,2.5,Sports,4,1,2,518
8-10 hours,2.97,Gardening,2,3,1,519
2-4 hours,3.17,Sports,4,1,5,520
10-12 hours,4.0,Yoga,2,1,2,521
8-10 hours,2.81,Cooking,4,2,4,522
2-4 hours,3.87,Travelling,4,3,1,523
8-10 hours,2.59,Swimming,4,1,1,524
10-12 hours,3.07,Gardening,1,3,1,525
10-12 hours,3.61,Gym,1,2,3,526
4-6 hours,2.98,Reading,2,3,5,527
10-12 hours,4.0,Gym,3,2,1,528
6-8 hours,4.0,Yoga,4,3,1,529
8-10 hours,3.78,Cooking,4,2,2,530
4-6 hours,3.93,Running,2,3,3,531
6-8 hours,3.74,Yoga,1,1,5,532
4-6 hours,3.28,Cooking,5,3,5,533
4-6 hours,3.3,Gym,1,3,3,534
6-8 hours,3.92,Running,2,1,1,535
2-4 hours,3.49,Gardening,4,2,2,536
8-10 hours,2.93,Writing,3,2,4,537
10-12 hours,2.52,Travelling,4,3,2,538
10-12 hours,3.87,Swimming,5,2,3,539
6-8 hours,3.08,Running,5,3,3,540
2-4 hours,3.5,Sports,3,1,3,541
10-12 hours,4.0,Gardening,5,1,4,542
8-10 hours,3.61,Music,1,2,1,543
6-8 hours,3.27,Travelling,3,2,2,544
4-6 hours,2.61,Swimming,3,1,4,545
2-4 hours,3.65,Music,1,2,5,546
2-4 hours,2.7,Sports,2,1,3,547
8-10 hours,2.5,Swimming,2,3,3,548
4-6 hours,3.68,Gardening,3,2,5,549
10-12 hours,3.4,Running,1,1,4,550
2-4 hours,4.0,Gardening,3,2,1,551
4-6 hours,2.1,Gym,1,2,2,552
2-4 hours,2.97,Yoga,3,2,2,553
4-6 hours,3.35,Running,3,2,3,554
2-4 hours,3.89,Sports,4,3,5,555
6-8 hours,3.57,Travelling,4,1,1,556
4-6 hours,3.73,Cooking,1,2,4,557
8-10 hours,4.0,Running,2,2,3,558
10-12 hours,2.89,Travelling,1,1,2,559
8-10 hours,4.0,Yoga,1,3,3,560
4-6 hours,3.32,Music,5,2,2,561
4-6 hours,3.42,Yoga,3,2,2,562
2-4 hours,3.56,Yoga,4,2,1,563
6-8 hours,3.12,Cooking,5,3,5,564
2-4 hours,3.64,Sports,5,3,1,565
4-6 hours,3.69,Cooking,5,1,4,566
6-8 hours,4.0,Gardening,5,1,1,567
4-6 hours,3.41,Writing,2,3,2,568
10-12 hours,3.44,Sports,5,2,5,569
2-4 hours,4.0,Sports,2,3,4,570
10-12 hours,3.42,Gardening,5,2,4,571
2-4 hours,4.0,Swimming,3,2,5,572
4-6 hours,3.04,Travelling,2,3,3,573
6-8 hours,3.26,Sports,1,1,5,574
8-10 hours,3.17,Travelling,1,2,5,575
6-8 hours,2.85,Cooking,4,1,1,576
4-6 hours,3.39,Yoga,2,2,2,577
10-12 hours,3.83,Swimming,5,2,4,578
10-12 hours,3.13,Travelling,5,3,5,579
6-8 hours,2.84,Cooking,1,2,2,580
2-4 hours,3.82,Yoga,3,1,1,581
6-8 hours,4.0,Writing,4,3,1,582
10-12 hours,3.39,Swimming,2,2,3,583
4-6 hours,4.0,Cooking,2,2,2,584
10-12 hours,3.4,Reading,3,3,2,585
8-10 hours,3.08,Swimming,3,2,2,586
2-4 hours,3.97,Writing,2,1,5,587
10-12 hours,3.14,Sports,5,1,1,588
10-12 hours,3.54,Running,2,1,2,589
2-4 hours,2.61,Reading,3,1,1,590
6-8 hours,3.18,Reading,2,1,1,591
6-8 hours,4.0,Swimming,4,2,2,592
6-8 hours,3.6,Yoga,1,1,3,593
10-12 hours,3.88,Gardening,1,2,1,594
10-12 hours,4.0,Writing,4,3,4,595
4-6 hours,3.73,Writing,5,1,4,596
4-6 hours,3.19,Reading,3,1,5,597
10-12 hours,3.13,Gym,5,1,3,598
2-4 hours,3.58,Cooking,3,3,1,599
10-12 hours,3.69,Travelling,4,1,5,600
10-12 hours,3.78,Gardening,3,2,5,601
2-4 hours,3.24,Swimming,1,3,3,602
4-6 hours,3.91,Sports,4,2,2,603
4-6 hours,3.04,Running,4,2,1,604
4-6 hours,3.76,Gym,5,3,2,605
8-10 hours,2.62,Cooking,3,2,1,606
4-6 hours,3.8,Music,3,1,5,607
4-6 hours,4.0,Writing,4,1,1,608
10-12 hours,3.88,Cooking,1,1,1,609
10-12 hours,3.11,Reading,4,2,3,610
6-8 hours,2.81,Sports,5,3,1,611
6-8 hours,3.12,Reading,2,2,1,612
2-4 hours,3.2,Travelling,1,1,2,613
4-6 hours,3.84,Swimming,5,3,5,614
2-4 hours,2.9,Writing,1,2,4,615
4-6 hours,3.38,Sports,2,1,4,616
6-8 hours,2.89,Gym,2,1,1,617
10-12 hours,2.69,Yoga,1,3,3,618
8-10 hours,4.0,Gym,1,2,5,619
8-10 hours,2.48,Yoga,2,1,2,620
2-4 hours,3.78,Writing,5,1,1,621
8-10 hours,4.0,Swimming,5,2,3,622
8-10 hours,3.32,Travelling,5,3,5,623
10-12 hours,4.0,Gardening,5,2,3,624
8-10 hours,4.0,Running,3,1,2,625
4-6 hours,2.99,Cooking,3,3,5,626
4-6 hours,3.44,Swimming,3,1,5,627
10-12 hours,4.0,Running,5,3,5,628
8-10 hours,3.9,Yoga,5,3,3,629
4-6 hours,4.0,Sports,1,3,4,630
4-6 hours,2.75,Writing,2,3,1,631
4-6 hours,3.49,Gardening,1,1,2,632
4-6 hours,3.16,Writing,4,2,5,633
6-8 hours,3.88,Sports,1,1,4,634
8-10 hours,3.49,Swimming,5,2,1,635
10-12 hours,3.43,Reading,5,3,4,636
6-8 hours,4.0,Music,3,1,4,637
2-4 hours,3.31,Writing,4,2,2,638
6-8 hours,4.0,Swimming,1,1,3,639
4-6 hours,4.0,Sports,2,2,3,640
2-4 hours,2.96,Reading,1,2,2,641
8-10 hours,3.3,Reading,3,3,4,642
10-12 hours,4.0,Gym,5,2,1,643
10-12 hours,4.0,Cooking,2,3,5,644
8-10 hours,3.23,Yoga,4,1,4,645
8-10 hours,3.86,Running,3,3,1,646
6-8 hours,3.65,Cooking,1,2,4,647
10-12 hours,4.0,Sports,3,3,5,648
6-8 hours,3.57,Sports,4,1,5,649
6-8 hours,3.56,Yoga,3,2,1,650
4-6 hours,4.0,Running,3,3,2,651
8-10 hours,3.41,Writing,3,1,1,652
10-12 hours,3.08,Gardening,5,2,5,653
10-12 hours,3.3,Yoga,3,1,5,654
4-6 hours,3.55,Travelling,2,2,4,655
2-4 hours,3.5,Swimming,1,1,3,656
8-10 hours,2.68,Reading,3,2,5,657
4-6 hours,2.9,Gym,4,2,4,658
4-6 hours,3.5,Running,2,3,2,659
2-4 hours,3.75,Yoga,4,2,1,660
10-12 hours,4.0,Cooking,1,3,2,661
4-6 hours,3.54,Sports,5,2,4,662
8-10 hours,4.0,Running,5,1,5,663
6-8 hours,3.71,Swimming,4,1,5,664
8-10 hours,3.49,Sports,5,1,1,665
8-10 hours,2.81,Cooking,5,3,1,666
8-10 hours,4.0,Swimming,3,3,2,667
6-8 hours,3.25,Music,2,3,1,668
6-8 hours,4.0,Cooking,2,1,5,669
2-4 hours,4.0,Cooking,3,3,4,670
2-4 hours,3.18,Cooking,3,3,5,671
2-4 hours,3.03,Gym,3,1,4,672
4-6 hours,3.67,Running,1,1,4,673
2-4 hours,3.6,Gym,1,2,1,674
6-8 hours,3.24,Sports,3,1,2,675
2-4 hours,3.32,Gardening,4,1,3,676
4-6 hours,2.75,Running,5,2,1,677
8-10 hours,3.56,Yoga,3,1,4,678
4-6 hours,2.67,Cooking,4,2,1,679
8-10 hours,2.96,Cooking,3,2,1,680
10-12 hours,2.9,Music,3,3,3,681
6-8 hours,3.45,Swimming,1,3,5,682
2-4 hours,3.55,Swimming,4,1,4,683
8-10 hours,4.0,Cooking,4,2,1,684
10-12 hours,4.0,Cooking,3,2,5,685
4-6 hours,2.96,Gym,1,2,1,686
6-8 hours,3.38,Yoga,3,1,4,687
6-8 hours,3.27,Cooking,2,3,4,688
10-12 hours,4.0,Running,3,1,4,689
2-4 hours,2.87,Music,3,2,2,690
10-12 hours,2.92,Running,4,2,4,691
2-4 hours,4.0,Gym,3,2,3,692
10-12 hours,4.0,Gym,1,3,4,693
4-6 hours,3.97,Reading,5,2,4,694
6-8 hours,2.97,Gym,3,1,4,695
10-12 hours,3.17,Reading,4,2,5,696
8-10 hours,3.51,Gym,1,2,3,697
8-10 hours,2.64,Travelling,5,3,1,698
2-4 hours,3.77,Gardening,1,3,4,699
8-10 hours,4.0,Yoga,5,2,2,700
2-4 hours,3.19,Yoga,5,3,5,701
8-10 hours,2.31,Gym,5,2,4,702
4-6 hours,3.69,Swimming,1,1,2,703
6-8 hours,3.58,Yoga,3,3,4,704
6-8 hours,3.67,Running,2,3,5,705
8-10 hours,3.77,Writing,5,3,5,706
6-8 hours,3.87,Music,3,3,1,707
10-12 hours,4.0,Running,2,3,2,708
10-12 hours,3.31,Travelling,2,3,4,709
2-4 hours,3.93,Reading,4,1,3,710
4-6 hours,3.75,Gym,1,1,4,711
2-4 hours,3.44,Reading,4,1,4,712
8-10 hours,3.66,Cooking,2,1,4,713
4-6 hours,3.87,Swimming,4,1,3,714
4-6 hours,3.88,Music,1,3,3,715
6-8 hours,3.12,Gym,2,3,5,716
6-8 hours,3.91,Gardening,4,1,3,717
4-6 hours,4.0,Sports,5,2,3,718
2-4 hours,3.81,Gym,2,3,4,719
4-6 hours,3.22,Running,5,3,5,720
2-4 hours,3.53,Running,2,1,4,721
4-6 hours,3.23,Running,1,3,1,722
2-4 hours,4.0,Gardening,1,2,1,723
4-6 hours,4.0,Reading,2,2,1,724
2-4 hours,2.69,Music,5,2,5,725
4-6 hours,3.06,Swimming,1,2,1,726
4-6 hours,2.26,Swimming,3,2,4,727
8-10 hours,3.85,Sports,2,2,3,728
4-6 hours,3.52,Gardening,3,3,3,729
2-4 hours,4.0,Travelling,1,1,3,730
4-6 hours,3.81,Reading,2,3,2,731
10-12 hours,4.0,Yoga,4,3,2,732
10-12 hours,2.99,Music,4,3,4,733
8-10 hours,3.35,Gardening,3,3,4,734
10-12 hours,3.79,Music,5,1,1,735
2-4 hours,3.74,Swimming,3,2,5,736
10-12 hours,3.71,Writing,1,3,3,737
4-6 hours,3.11,Yoga,1,2,5,738
2-4 hours,3.58,Gym,5,2,1,739
10-12 hours,3.36,Reading,3,3,2,740
4-6 hours,3.88,Cooking,5,2,1,741
8-10 hours,3.58,Reading,5,3,4,742
4-6 hours,4.0,Reading,2,3,2,743
2-4 hours,3.92,Gardening,5,1,2,744
2-4 hours,4.0,Running,2,2,1,745
10-12 hours,3.9,Writing,1,1,2,746
4-6 hours,3.45,Gym,4,3,2,747
8-10 hours,3.22,Running,2,3,5,748
8-10 hours,3.34,Running,1,2,4,749
6-8 hours,2.89,Writing,5,1,3,750
8-10 hours,3.26,Gardening,5,3,3,751
6-8 hours,3.08,Yoga,4,1,2,752
8-10 hours,3.28,Swimming,5,2,1,753
6-8 hours,4.0,Writing,3,3,2,754
8-10 hours,3.98,Music,3,3,1,755
4-6 hours,2.34,Writing,2,1,4,756
8-10 hours,2.77,Running,5,3,3,757
4-6 hours,4.0,Running,2,2,5,758
2-4 hours,3.43,Cooking,2,1,3,759
4-6 hours,3.93,Running,1,2,2,760
6-8 hours,2.75,Cooking,2,3,2,761
10-12 hours,4.0,Running,5,1,4,762
4-6 hours,3.06,Cooking,5,1,5,763
8-10 hours,3.26,Reading,1,2,3,764
8-10 hours,2.92,Writing,4,1,5,765
4-6 hours,3.33,Swimming,3,2,1,766
6-8 hours,3.66,Writing,1,3,4,767
8-10 hours,2.78,Reading,1,3,2,768
8-10 hours,3.42,Running,3,3,2,769
8-10 hours,4.0,Swimming,5,1,5,770
10-12 hours,2.82,Yoga,1,3,5,771
8-10 hours,3.09,Music,3,2,1,772
4-6 hours,3.36,Sports,3,2,4,773
10-12 hours,3.26,Cooking,5,2,3,774
6-8 hours,4.0,Music,4,3,1,775
10-12 hours,4.0,Reading,1,2,5,776
4-6 hours,3.87,Gym,4,3,3,777
4-6 hours,3.49,Yoga,4,3,3,778
4-6 hours,2.85,Gym,3,1,3,779
6-8 hours,3.36,Travelling,3,2,3,780
6-8 hours,4.0,Gardening,3,2,2,781
10-12 hours,3.44,Gardening,4,2,1,782
10-12 hours,3.43,Travelling,2,1,4,783
8-10 hours,3.88,Yoga,5,1,5,784
2-4 hours,4.0,Writing,1,2,4,785
2-4 hours,3.33,Yoga,2,2,4,786
8-10 hours,4.0,Swimming,1,1,2,787
4-6 hours,3.67,Gym,3,2,1,788
2-4 hours,3.51,Sports,1,2,5,789
4-6 hours,4.0,Swimming,1,2,4,790
8-10 hours,3.04,Yoga,1,3,1,791
10-12 hours,4.0,Music,5,1,5,792
6-8 hours,3.49,Cooking,2,2,5,793
10-12 hours,3.71,Writing,5,1,4,794
6-8 hours,3.61,Music,1,2,2,795
2-4 hours,3.8,Gym,4,2,1,796
6-8 hours,3.65,Sports,4,2,1,797
4-6 hours,3.6,Music,2,3,1,798
4-6 hours,3.67,Gym,5,2,3,799
6-8 hours,3.54,Writing,1,3,3,800
10-12 hours,3.27,Cooking,1,3,5,801
10-12 hours,4.0,Sports,1,3,1,802
10-12 hours,3.48,Sports,4,3,1,803
4-6 hours,3.02,Music,1,3,5,804
4-6 hours,3.35,Running,1,1,2,805
6-8 hours,2.86,Writing,3,2,3,806
4-6 hours,3.22,Music,5,1,2,807
10-12 hours,3.4,Music,4,1,3,808
6-8 hours,3.47,Writing,2,2,5,809
10-12 hours,3.73,Travelling,2,1,5,810
4-6 hours,2.73,Gardening,2,2,4,811
6-8 hours,3.18,Reading,2,3,5,812
4-6 hours,3.76,Gardening,3,3,2,813
6-8 hours,3.37,Reading,1,2,4,814
4-6 hours,3.71,Music,5,2,2,815
4-6 hours,2.88,Writing,5,3,3,816
2-4 hours,4.0,Reading,5,1,5,817
8-10 hours,2.86,Cooking,5,3,4,818
2-4 hours,4.0,Sports,3,2,5,819
2-4 hours,3.62,Writing,4,3,5,820
4-6 hours,4.0,Gardening,5,1,2,821
10-12 hours,3.65,Yoga,4,3,5,822
8-10 hours,3.99,Cooking,2,1,5,823
6-8 hours,3.61,Sports,4,2,2,824
10-12 hours,2.46,Gardening,4,3,4,825
10-12 hours,4.0,Yoga,2,2,1,826
8-10 hours,3.09,Yoga,5,3,5,827
10-12 hours,3.46,Cooking,3,1,4,828
10-12 hours,3.71,Running,2,2,3,829
2-4 hours,3.0,Writing,4,2,5,830
10-12 hours,3.04,Reading,2,2,1,831
8-10 hours,3.56,Gym,2,2,5,832
6-8 hours,3.79,Swimming,4,3,5,833
10-12 hours,4.0,Cooking,3,1,3,834
2-4 hours,3.35,Reading,4,3,5,835
10-12 hours,3.3,Gardening,3,2,2,836
4-6 hours,3.24,Gardening,4,2,4,837
10-12 hours,3.74,Gardening,5,3,1,838
10-12 hours,3.0,Travelling,2,1,1,839
4-6 hours,3.28,Music,4,2,1,840
2-4 hours,2.82,Travelling,1,2,2,841
8-10 hours,3.73,Music,1,3,1,842
10-12 hours,3.79,Reading,1,1,1,843
6-8 hours,4.0,Swimming,2,2,1,844
4-6 hours,3.86,Sports,5,2,3,845
6-8 hours,3.43,Cooking,1,2,3,846
8-10 hours,3.38,Gardening,5,1,1,847
2-4 hours,3.01,Running,2,3,3,848
8-10 hours,4.0,Travelling,3,2,4,849
8-10 hours,3.43,Running,5,3,2,850
8-10 hours,3.6,Sports,5,1,5,851
10-12 hours,2.43,Sports,3,2,4,852
2-4 hours,3.14,Gym,4,2,1,853
6-8 hours,3.75,Writing,1,1,1,854
2-4 hours,3.29,Swimming,5,3,2,855
6-8 hours,3.77,Music,5,2,4,856
8-10 hours,3.71,Gym,3,1,4,857
10-12 hours,2.82,Reading,3,3,2,858
4-6 hours,4.0,Travelling,3,1,1,859
8-10 hours,3.29,Gym,4,2,3,860
10-12 hours,3.53,Music,4,1,1,861
8-10 hours,3.45,Gym,3,3,1,862
4-6 hours,3.0,Gardening,3,1,3,863
10-12 hours,4.0,Gardening,5,3,3,864
4-6 hours,4.0,Music,1,3,3,865
10-12 hours,3.7,Music,3,2,5,866
8-10 hours,2.82,Sports,2,2,2,867
6-8 hours,3.12,Running,3,3,2,868
6-8 hours,4.0,Writing,4,2,5,869
2-4 hours,3.28,Reading,1,1,3,870
10-12 hours,3.32,Yoga,5,1,2,871
6-8 hours,3.21,Travelling,3,2,3,872
8-10 hours,3.33,Sports,4,2,4,873
4-6 hours,4.0,Sports,3,2,5,874
6-8 hours,2.69,Reading,3,1,4,875
10-12 hours,2.59,Writing,3,1,5,876
2-4 hours,4.0,Cooking,1,3,3,877
4-6 hours,3.55,Yoga,3,2,5,878
4-6 hours,3.15,Sports,1,1,5,879
10-12 hours,4.0,Swimming,1,1,2,880
2-4 hours,3.73,Swimming,1,3,3,881
6-8 hours,2.96,Swimming,5,2,4,882
8-10 hours,3.46,Yoga,4,3,1,883
4-6 hours,3.09,Music,2,3,3,884
4-6 hours,4.0,Writing,1,3,5,885
2-4 hours,2.95,Travelling,1,2,3,886
8-10 hours,2.93,Running,3,3,5,887
8-10 hours,4.0,Writing,2,1,1,888
10-12 hours,3.81,Running,4,1,3,889
10-12 hours,3.78,Reading,3,1,4,890
2-4 hours,3.3,Running,1,3,2,891
10-12 hours,3.28,Running,4,3,3,892
4-6 hours,3.05,Swimming,3,2,5,893
10-12 hours,3.13,Running,4,3,1,894
6-8 hours,3.21,Cooking,4,2,3,895
2-4 hours,3.94,Sports,1,3,1,896
10-12 hours,4.0,Writing,5,3,1,897
6-8 hours,4.0,Travelling,2,3,1,898
10-12 hours,4.0,Gym,4,2,3,899
10-12 hours,4.0,Reading,4,3,1,900
8-10 hours,4.0,Reading,5,3,4,901
8-10 hours,2.92,Travelling,2,3,5,902
4-6 hours,3.21,Cooking,3,3,3,903
8-10 hours,3.65,Reading,5,1,5,904
8-10 hours,3.49,Yoga,2,3,4,905
4-6 hours,3.3,Running,5,2,5,906
6-8 hours,3.54,Gym,3,3,3,907
2-4 hours,3.03,Reading,4,2,5,908
10-12 hours,4.0,Reading,4,1,2,909
2-4 hours,2.96,Running,3,2,1,910
4-6 hours,2.83,Gardening,1,1,2,911
8-10 hours,2.6,Travelling,4,2,4,912
2-4 hours,3.76,Travelling,4,2,1,913
2-4 hours,3.43,Running,2,3,3,914
2-4 hours,3.22,Sports,5,3,4,915
2-4 hours,3.4,Yoga,1,1,2,916
4-6 hours,2.85,Music,2,3,2,917
8-10 hours,3.76,Gardening,2,2,4,918
2-4 hours,2.74,Gym,4,2,1,919
10-12 hours,3.5,Travelling,4,2,3,920
6-8 hours,4.0,Writing,4,3,2,921
6-8 hours,3.81,Travelling,5,1,3,922
10-12 hours,2.96,Cooking,5,1,4,923
4-6 hours,4.0,Running,3,1,3,924
6-8 hours,2.19,Travelling,4,2,4,925
10-12 hours,4.0,Yoga,1,3,1,926
2-4 hours,3.31,Gardening,3,1,3,927
6-8 hours,3.35,Running,5,2,5,928
2-4 hours,3.56,Swimming,3,2,1,929
8-10 hours,4.0,Writing,3,3,3,930
8-10 hours,3.44,Writing,3,2,5,931
2-4 hours,3.4,Writing,4,1,2,932
4-6 hours,3.99,Writing,3,3,4,933
8-10 hours,3.73,Music,3,2,5,934
4-6 hours,3.85,Running,2,1,5,935
10-12 hours,3.44,Running,3,1,2,936
2-4 hours,3.71,Gardening,2,1,2,937
6-8 hours,3.62,Swimming,4,1,5,938
2-4 hours,3.83,Reading,4,1,2,939
2-4 hours,2.86,Sports,5,3,1,940
4-6 hours,2.92,Gardening,2,1,1,941
8-10 hours,3.24,Sports,2,2,2,942
2-4 hours,4.0,Running,4,1,5,943
6-8 hours,4.0,Swimming,4,2,2,944
6-8 hours,4.0,Gardening,2,1,1,945
6-8 hours,3.94,Gym,2,1,1,946
4-6 hours,3.24,Gardening,2,3,4,947
10-12 hours,3.31,Travelling,5,1,4,948
4-6 hours,3.02,Travelling,5,2,2,949
6-8 hours,3.11,Gardening,5,1,1,950
2-4 hours,3.84,Yoga,1,2,2,951
8-10 hours,3.74,Writing,1,3,1,952
4-6 hours,3.46,Yoga,2,1,1,953
6-8 hours,3.24,Travelling,5,3,2,954
8-10 hours,3.02,Sports,1,1,4,955
8-10 hours,4.0,Running,4,2,3,956
2-4 hours,2.91,Travelling,2,2,3,957
4-6 hours,3.79,Music,3,3,4,958
10-12 hours,2.73,Travelling,3,2,2,959
4-6 hours,3.62,Gardening,4,1,1,960
2-4 hours,3.93,Running,5,1,3,961
6-8 hours,2.28,Reading,1,1,1,962
2-4 hours,3.04,Gym,3,2,5,963
2-4 hours,3.87,Travelling,2,3,3,964
8-10 hours,2.23,Music,4,3,4,965
10-12 hours,2.63,Travelling,1,1,4,966
8-10 hours,3.04,Gardening,2,3,3,967
10-12 hours,2.75,Reading,3,2,3,968
8-10 hours,2.41,Yoga,5,1,1,969
4-6 hours,3.26,Swimming,1,3,3,970
10-12 hours,2.85,Gardening,2,1,5,971
8-10 hours,3.67,Cooking,1,1,2,972
8-10 hours,3.12,Travelling,4,2,4,973
4-6 hours,3.58,Running,2,3,4,974
8-10 hours,3.45,Sports,3,1,4,975
2-4 hours,3.3,Cooking,5,1,3,976
2-4 hours,3.67,Gym,1,2,3,977
4-6 hours,3.75,Reading,3,3,3,978
10-12 hours,3.62,Yoga,2,3,4,979
8-10 hours,3.44,Writing,3,3,2,980
6-8 hours,3.69,Writing,1,3,2,981
4-6 hours,4.0,Writing,3,2,4,982
8-10 hours,2.88,Running,4,3,3,983
8-10 hours,2.81,Sports,5,1,2,984
8-10 hours,3.07,Gym,2,3,1,985
8-10 hours,3.63,Swimming,1,3,2,986
4-6 hours,3.38,Yoga,1,1,1,987
2-4 hours,3.07,Reading,1,2,1,988
8-10 hours,3.95,Travelling,4,2,1,989
8-10 hours,2.71,Yoga,2,2,4,990
6-8 hours,3.67,Gym,2,2,4,991
6-8 hours,3.56,Yoga,2,1,3,992
6-8 hours,3.9,Gardening,1,2,2,993
6-8 hours,2.79,Cooking,1,1,5,994
2-4 hours,2.97,Cooking,3,3,5,995
4-6 hours,3.75,Gym,4,2,5,996
8-10 hours,3.38,Gym,2,1,4,997
6-8 hours,4.0,Gardening,5,1,1,998
10-12 hours,4.0,Running,3,3,2,999
6-8 hours,3.9,Swimming,4,1,2,1000
