student_id,average_sleep,cgpa,stress_relief_activities,study_satisfaction,academic_workload,academic_pressure
1,6,3.75,Online Entertainment,5,5,5
2,6,3.25,"Religious Activities, Sports and Fitness, Social Connections, Online Entertainment, Outdoor Activities",5,4,1
3,8,3.75,"Religious Activities, Social Connections, Sleep",5,5,3
4,6,3.25,Religious Activities,3,4,4
5,8,3.75,"Online Entertainment, Sleep",5,3,4
6,6,2.75,"Religious Activities, Sports and Fitness, Sleep",3,5,5
7,6,2.25,"Religious Activities, Sports and Fitness, Outdoor Activities",5,3,5
8,8,3.75,"Online Entertainment, Sleep",4,5,3
9,6,3.25,"Religious Activities, Social Connections, Online Entertainment",3,4,3
10,6,2.75,"Religious Activities, Social Connections, Online Entertainment",5,4,5
11,6,3.75,Sleep,5,4,2
12,6,1.75,Sports and Fitness,3,2,3
13,6,3.25,Sleep,1,4,3
14,6,2.75,"Religious Activities, Sports and Fitness",4,3,4
15,8,3.25,"Religious Activities, Sports and Fitness, Sleep",5,2,3
16,6,3.75,Nothing,4,4,5
17,4,2.95,Religious Activities,4,5,4
18,8,3.75,Religious Activities,4,3,4
19,8,2.25,Religious Activities,2,3,3
20,6,2.75,"Religious Activities, Social Connections, Online Entertainment",4,3,5
21,8,3.75,"Social Connections, Sleep",5,3,4
22,8,3.75,Religious Activities,4,3,3
23,4,3.45,Creative Outlets,4,2,1
24,6,3.75,"Religious Activities, Online Entertainment",3,4,5
25,8,2.75,Sleep,4,3,4
26,8,2.25,Sleep,4,3,4
27,6,2.75,Online Entertainment,2,3,2
28,8,3.25,"Religious Activities, Social Connections, Online Entertainment",5,5,4
29,6,3.25,"Religious Activities, Online Entertainment",4,5,4
30,6,3.25,Religious Activities,5,5,3
31,6,3.25,Creative Outlets,5,4,4
32,4,1.95,"Religious Activities, Sports and Fitness",5,5,5
33,4,1.95,"Religious Activities, Social Connections, Sleep",5,5,3
34,4,2.95,Online Entertainment,5,3,4
35,8,3.25,Sleep,5,5,4
36,8,3.25,"Religious Activities, Sports and Fitness, Online Entertainment",4,5,4
37,6,2.25,Online Entertainment,5,4,3
38,6,0,Online Entertainment,1,4,4
39,6,2.75,Sleep,3,4,4
40,6,2.75,"Religious Activities, Social Connections, Online Entertainment, Sleep",4,5,5
41,8,3.75,"Religious Activities, Social Connections, Online Entertainment",4,5,2
42,8,2.25,"Religious Activities, Sports and Fitness, Social Connections, Online Entertainment, Outdoor Activities",5,3,4
43,8,2.75,"Religious Activities, Creative Outlets",3,5,4
44,8,3.25,"Religious Activities, Social Connections",4,5,3
45,6,3.25,Sports and Fitness,5,4,4
46,6,2.25,"Creative Outlets, Social Connections, Online Entertainment",5,2,4
47,6,3.75,Religious Activities,3,4,5
48,6,3.75,"Religious Activities, Social Connections",2,4,1
49,6,2.75,"Religious Activities, Sports and Fitness, Social Connections, Online Entertainment, Outdoor Activities, Sleep",4,5,5
50,4,3.45,Online Entertainment,3,5,4
51,6,3.75,Online Entertainment,5,5,5
52,8,3.75,Outdoor Activities,5,3,3
53,8,3.25,Sleep,3,5,3
54,8,3.75,Outdoor Activities,4,3,4
55,6,2.75,Sports and Fitness,3,4,4
56,6,3.25,"Religious Activities, Sports and Fitness, Social Connections, Online Entertainment, Outdoor Activities",5,3,5
57,8,2.75,"Religious Activities, Online Entertainment",5,3,4
58,6,3.75,Religious Activities,5,5,5
59,8,3.75,Sports and Fitness,4,5,4
60,6,2.25,"Religious Activities, Social Connections, Online Entertainment, Outdoor Activities",5,4,5
61,6,3.25,"Religious Activities, Sports and Fitness, Social Connections, Online Entertainment, Outdoor Activities, Sleep",5,5,5
62,6,2.75,Online Entertainment,4,3,1
63,8,3.75,Outdoor Activities,5,3,3
64,8,0,Sports and Fitness,5,2,4
65,6,3.25,"Religious Activities, Social Connections, Online Entertainment, Sleep",4,5,4
66,6,2.75,"Religious Activities, Online Entertainment",1,4,5
67,6,2.75,"Religious Activities, Sports and Fitness, Outdoor Activities",5,4,4
68,8,2.75,Religious Activities,5,3,4
69,6,3.75,"Religious Activities, Social Connections, Online Entertainment",4,5,3
70,8,3.75,"Religious Activities, Social Connections, Online Entertainment",4,5,3
71,6,3.75,Online Entertainment,3,2,3
72,6,2.75,"Religious Activities, Sports and Fitness, Creative Outlets, Online Entertainment",4,2,3
73,6,3.75,"Religious Activities, Sports and Fitness, Creative Outlets, Online Entertainment",3,4,3
74,4,-0.3,Religious Activities,4,3,5
75,6,2.75,"Religious Activities, Social Connections, Online Entertainment, Outdoor Activities",3,4,4
76,6,3.75,Religious Activities,5,4,4
77,6,3.75,Sleep,4,3,5
78,8,3.25,"Religious Activities, Sports and Fitness, Social Connections, Online Entertainment, Outdoor Activities, Sleep",4,5,2
79,6,3.25,"Social Connections, Sleep",4,5,4
80,6,3.25,"Religious Activities, Sports and Fitness, Social Connections, Online Entertainment, Outdoor Activities",3,5,1
81,8,2.75,"Religious Activities, Social Connections, Online Entertainment",3,3,2
82,6,2.75,Sports and Fitness,3,4,5
83,6,3.75,Outdoor Activities,4,4,3
84,4,3.45,"Religious Activities, Sports and Fitness",4,5,4
85,6,2.75,"Religious Activities, Social Connections, Online Entertainment",5,4,3
86,6,3.75,"Religious Activities, Social Connections, Online Entertainment, Sleep",5,4,5
87,8,3.75,Creative Outlets,5,3,4
88,6,3.75,"Religious Activities, Sports and Fitness, Creative Outlets, Online Entertainment",5,5,2
89,8,3.75,Sleep,5,3,4
90,8,3.75,"Religious Activities, Sports and Fitness",4,5,3
91,8,3.75,"Religious Activities, Creative Outlets",5,5,4
92,6,2.75,"Religious Activities, Sports and Fitness, Outdoor Activities",5,3,4
93,6,2.25,"Religious Activities, Sports and Fitness, Social Connections, Online Entertainment, Outdoor Activities",4,4,1
94,4,2.45,"Social Connections, Online Entertainment",5,5,5
95,6,2.75,Nothing,2,3,3
96,6,2.75,Online Entertainment,4,4,5
97,6,2.75,Outdoor Activities,4,2,5
98,6,3.75,"Religious Activities, Sports and Fitness, Outdoor Activities",4,2,5
99,6,2.75,Outdoor Activities,3,5,2
100,8,2.75,Religious Activities,4,5,3
101,8,3.25,Sleep,5,5,4
102,8,3.25,"Religious Activities, Online Entertainment, Outdoor Activities",4,3,4
103,6,2.75,"Religious Activities, Sports and Fitness, Social Connections, Online Entertainment, Outdoor Activities",4,2,3
104,6,2.75,"Online Entertainment, Sleep",5,3,5
105,8,2.75,"Religious Activities, Outdoor Activities",4,3,4
106,6,2.75,"Creative Outlets, Social Connections, Online Entertainment",1,4,5
107,8,3.25,"Religious Activities, Sports and Fitness",5,5,4
108,8,3.75,"Religious Activities, Sports and Fitness, Social Connections, Online Entertainment, Outdoor Activities, Sleep",2,3,4
109,6,3.75,"Religious Activities, Social Connections",5,3,1
110,8,2.75,"Religious Activities, Social Connections, Online Entertainment, Outdoor Activities",3,2,4
111,4,3.45,Sports and Fitness,2,5,4
112,8,3.75,"Religious Activities, Sports and Fitness, Social Connections",2,2,3
113,6,3.75,"Religious Activities, Social Connections",3,4,4
114,6,3.75,Outdoor Activities,4,4,4
115,6,2.75,"Sports and Fitness, Creative Outlets, Social Connections, Outdoor Activities, Sleep",4,5,5
116,8,3.75,Sports and Fitness,5,2,4
117,8,3.25,Religious Activities,5,5,4
118,4,3.45,"Religious Activities, Social Connections",3,5,2
119,8,3.75,Religious Activities,4,2,3
120,6,3.75,"Religious Activities, Sports and Fitness, Outdoor Activities",5,4,5
121,8,2.75,Sports and Fitness,4,3,4
122,8,3.25,"Religious Activities, Sports and Fitness, Sleep",4,3,4
123,8,3.75,"Religious Activities, Online Entertainment, Outdoor Activities",5,3,4
124,6,2.25,Outdoor Activities,4,4,3
125,6,3.75,Sleep,5,3,4
126,8,0,"Religious Activities, Sleep",4,2,3
127,6,2.75,Religious Activities,5,5,3
128,6,3.75,"Religious Activities, Sports and Fitness, Sleep",5,4,5
129,8,3.75,"Religious Activities, Online Entertainment, Outdoor Activities",4,5,3
130,6,3.25,"Religious Activities, Social Connections, Online Entertainment",4,5,3
131,6,2.75,"Religious Activities, Online Entertainment, Outdoor Activities",4,5,4
132,6,3.75,Religious Activities,4,5,5
133,6,3.25,Outdoor Activities,5,2,3
134,8,2.25,"Religious Activities, Online Entertainment, Outdoor Activities",3,5,4
135,6,3.75,Nothing,4,3,4
136,8,2.75,Outdoor Activities,3,2,4
137,8,3.75,"Religious Activities, Outdoor Activities",4,3,4
138,6,2.75,"Social Connections, Online Entertainment, Sleep",5,5,5
139,6,2.75,"Religious Activities, Sports and Fitness, Social Connections",3,3,4
140,8,3.75,Sports and Fitness,4,3,4
141,8,3.25,Sports and Fitness,4,5,4
142,6,3.75,Outdoor Activities,3,3,5
143,8,2.75,"Religious Activities, Online Entertainment, Outdoor Activities",5,5,4
144,6,2.75,"Religious Activities, Social Connections, Online Entertainment",5,5,5
145,6,3.75,Religious Activities,4,5,3
146,8,3.25,Sports and Fitness,1,5,4
147,6,2.75,Religious Activities,5,2,3
148,6,2.75,Online Entertainment,4,4,3
149,8,3.25,"Social Connections, Sleep",4,3,4
150,8,3.75,Sleep,4,3,4
151,8,3.25,Religious Activities,5,5,3
152,8,2.75,Online Entertainment,3,3,4
153,6,1.75,"Social Connections, Online Entertainment",1,3,4
154,6,2.75,"Religious Activities, Social Connections, Online Entertainment",4,5,5
155,6,3.75,"Religious Activities, Sports and Fitness, Online Entertainment",5,5,4
156,6,3.75,"Social Connections, Sleep",5,3,4
157,6,2.75,"Religious Activities, Sports and Fitness, Creative Outlets, Online Entertainment",4,4,3
158,4,3.45,Sports and Fitness,4,5,5
159,4,-0.3,"Religious Activities, Sports and Fitness, Social Connections, Online Entertainment, Outdoor Activities, Sleep",5,3,4
160,8,3.25,"Religious Activities, Sports and Fitness, Online Entertainment",1,2,4
161,8,3.75,Religious Activities,5,3,4
162,4,2.45,"Religious Activities, Social Connections",3,3,4
163,8,0,"Religious Activities, Online Entertainment",4,3,4
164,6,2.75,"Religious Activities, Sports and Fitness, Social Connections, Online Entertainment, Outdoor Activities",3,4,3
165,6,3.25,Outdoor Activities,5,5,3
166,6,2.75,"Religious Activities, Social Connections",5,4,5
167,8,2.75,"Religious Activities, Sports and Fitness, Social Connections, Online Entertainment, Outdoor Activities, Sleep",5,5,1
168,6,3.25,"Religious Activities, Sports and Fitness, Social Connections",5,5,5
169,8,3.75,Outdoor Activities,5,3,4
170,6,2.25,Sleep,5,4,5
171,8,3.25,"Religious Activities, Social Connections, Online Entertainment, Sleep",5,3,4
172,6,3.75,Online Entertainment,4,5,4
173,6,2.75,"Sports and Fitness, Creative Outlets, Social Connections, Outdoor Activities, Sleep",3,5,5
174,6,2.75,"Social Connections, Sleep",4,4,3
175,6,3.25,Sleep,4,3,4
176,8,3.25,"Religious Activities, Outdoor Activities",3,3,2
177,8,3.75,"Religious Activities, Social Connections, Online Entertainment, Outdoor Activities",5,3,4
178,8,3.25,Sports and Fitness,3,3,3
179,6,2.75,"Religious Activities, Social Connections, Sleep",4,4,4
180,4,2.45,Creative Outlets,4,5,4
181,6,2.75,Social Connections,4,4,5
182,8,3.25,"Religious Activities, Social Connections, Sleep",3,2,3
183,6,3.25,"Religious Activities, Sports and Fitness",5,3,4
184,8,2.25,"Sports and Fitness, Creative Outlets, Social Connections, Outdoor Activities, Sleep",4,3,3
185,6,3.25,Outdoor Activities,5,4,3
186,6,3.25,"Religious Activities, Social Connections, Online Entertainment, Outdoor Activities",4,3,4
187,6,3.75,"Religious Activities, Online Entertainment",5,4,5
188,8,1.75,"Online Entertainment, Outdoor Activities, Sleep",4,5,4
189,6,2.75,"Online Entertainment, Outdoor Activities, Sleep",3,2,3
190,6,2.75,Outdoor Activities,5,4,1
191,6,3.25,Religious Activities,3,3,1
192,6,3.25,"Religious Activities, Sports and Fitness, Social Connections, Online Entertainment, Outdoor Activities, Sleep",2,2,3
193,6,3.25,Sports and Fitness,4,4,1
194,6,3.25,"Religious Activities, Sports and Fitness, Social Connections",4,4,2
195,6,2.75,"Religious Activities, Sports and Fitness, Social Connections",3,4,5
196,8,2.75,"Online Entertainment, Sleep",5,3,4
197,6,2.75,"Social Connections, Online Entertainment",3,3,5
198,6,2.75,"Religious Activities, Sports and Fitness, Social Connections, Online Entertainment, Outdoor Activities, Sleep",5,3,3
199,4,2.95,Outdoor Activities,4,5,5
200,8,2.75,Online Entertainment,4,3,4
201,6,2.75,Sleep,4,2,2
202,6,3.25,"Religious Activities, Social Connections, Online Entertainment",3,3,1
203,8,3.25,"Online Entertainment, Sleep",5,5,2
204,6,2.75,"Social Connections, Online Entertainment",4,5,5
205,8,2.75,"Religious Activities, Social Connections, Online Entertainment, Outdoor Activities",3,3,4
206,6,2.25,Outdoor Activities,4,4,4
207,6,0,Outdoor Activities,3,2,5
208,6,3.25,"Creative Outlets, Social Connections, Online Entertainment",4,2,3
209,8,2.75,Religious Activities,5,3,2
210,6,2.25,Outdoor Activities,4,5,3
211,8,2.75,"Religious Activities, Sleep",5,3,4
212,4,3.45,"Religious Activities, Sports and Fitness, Sleep",4,2,5
213,6,2.75,"Creative Outlets, Social Connections, Online Entertainment, Outdoor Activities",4,3,4
214,8,3.25,Creative Outlets,5,2,3
215,6,3.25,Sleep,3,4,1
216,4,3.45,"Religious Activities, Social Connections, Online Entertainment",4,5,4
217,6,1.75,Religious Activities,3,5,4
218,6,2.75,"Social Connections, Sleep",5,3,4
219,4,3.45,Online Entertainment,4,5,4
220,6,3.75,Sleep,5,4,1
221,6,3.75,"Religious Activities, Online Entertainment",5,4,1
222,8,3.25,"Religious Activities, Sports and Fitness, Online Entertainment",3,3,2
223,8,3.25,Sleep,4,3,4
224,8,3.75,Sports and Fitness,5,2,4
225,6,3.75,Outdoor Activities,3,4,3
226,8,3.75,Outdoor Activities,5,2,4
227,6,2.75,"Social Connections, Sleep",3,4,4
228,6,2.75,Nothing,5,5,5
229,6,3.75,"Religious Activities, Sleep",3,5,4
230,8,2.75,Sports and Fitness,3,3,4
231,6,3.75,Sleep,5,4,4
232,8,3.25,Outdoor Activities,5,5,3
233,8,3.25,Creative Outlets,5,5,1
234,8,3.25,Religious Activities,4,5,3
235,8,1.75,"Creative Outlets, Social Connections, Online Entertainment",3,5,2
236,6,2.75,"Religious Activities, Sports and Fitness, Social Connections",4,2,4
237,6,0,"Sports and Fitness, Creative Outlets, Online Entertainment, Outdoor Activities",4,4,4
238,6,3.75,"Religious Activities, Sports and Fitness, Social Connections, Online Entertainment, Outdoor Activities, Sleep",5,5,3
239,6,3.75,Religious Activities,5,5,5
240,6,2.75,Social Connections,5,4,3
241,8,3.25,Outdoor Activities,5,2,3
242,6,3.75,Online Entertainment,5,4,5
243,4,3.45,"Religious Activities, Sports and Fitness, Sleep",5,5,5
244,6,2.75,"Religious Activities, Social Connections",5,5,4
245,6,3.25,"Religious Activities, Social Connections",4,5,5
246,8,3.25,Online Entertainment,4,3,4
247,8,3.25,Sleep,4,3,4
248,8,3.75,Religious Activities,5,5,4
249,6,2.75,"Religious Activities, Social Connections, Online Entertainment",2,4,5
250,6,2.75,Sports and Fitness,4,4,5
251,6,3.25,Religious Activities,3,5,4
252,6,3.25,"Religious Activities, Sports and Fitness, Social Connections, Online Entertainment, Outdoor Activities, Sleep",5,4,4
253,6,2.75,"Religious Activities, Sports and Fitness, Social Connections, Online Entertainment, Outdoor Activities",4,3,5
254,8,3.75,Sleep,1,5,4
255,6,3.75,Social Connections,5,4,1
256,6,2.75,"Religious Activities, Social Connections, Online Entertainment, Sleep",5,4,5
257,6,2.75,"Religious Activities, Sports and Fitness, Sleep",2,5,1
258,6,2.75,Outdoor Activities,3,4,4
259,4,2.95,Nothing,4,5,4
260,4,3.45,"Religious Activities, Social Connections, Online Entertainment, Sleep",5,5,2
261,6,1.75,"Religious Activities, Sports and Fitness, Social Connections",5,5,5
262,6,3.25,"Religious Activities, Sports and Fitness",3,5,3
263,8,3.75,"Online Entertainment, Outdoor Activities, Sleep",4,3,3
264,6,3.25,Outdoor Activities,4,5,5
265,6,2.25,"Religious Activities, Sports and Fitness, Social Connections, Online Entertainment, Outdoor Activities, Sleep",4,3,5
266,6,3.75,Religious Activities,4,5,2
267,6,3.25,Creative Outlets,4,5,5
268,6,3.75,Religious Activities,4,4,1
269,8,2.75,Sleep,5,3,3
270,6,3.25,Sleep,5,3,4
271,6,0,"Religious Activities, Online Entertainment",5,4,4
272,6,3.75,Outdoor Activities,5,4,4
273,6,2.75,"Online Entertainment, Outdoor Activities, Sleep",4,4,4
274,6,2.75,"Religious Activities, Sports and Fitness, Sleep",4,4,4
275,8,0,"Creative Outlets, Social Connections, Online Entertainment, Outdoor Activities",5,5,3
276,8,3.75,"Religious Activities, Social Connections, Online Entertainment",5,3,4
277,6,2.75,Social Connections,5,5,3
278,6,1.75,"Religious Activities, Online Entertainment",4,2,5
279,6,3.75,"Sports and Fitness, Creative Outlets, Social Connections, Outdoor Activities, Sleep",5,4,4
280,8,2.75,"Religious Activities, Sports and Fitness",3,3,4
281,6,3.75,"Religious Activities, Creative Outlets",4,4,4
282,6,3.75,"Social Connections, Sleep",1,5,3
283,8,3.75,"Online Entertainment, Outdoor Activities, Sleep",5,3,1
284,6,3.25,"Sports and Fitness, Creative Outlets, Social Connections, Outdoor Activities, Sleep",4,4,3
285,6,3.25,Online Entertainment,3,4,5
286,8,3.75,"Religious Activities, Sports and Fitness, Social Connections, Online Entertainment, Outdoor Activities",4,2,4
287,8,2.75,Religious Activities,4,3,1
288,6,3.75,"Sports and Fitness, Creative Outlets, Online Entertainment, Outdoor Activities",5,5,2
289,8,1.75,Social Connections,4,2,2
290,6,2.25,Religious Activities,4,5,3
291,4,3.45,Sports and Fitness,3,5,5
292,8,3.25,"Online Entertainment, Sleep",3,5,4
293,8,3.25,"Religious Activities, Social Connections, Online Entertainment",5,5,4
294,8,3.75,Sleep,4,3,4
295,8,3.25,Sleep,5,3,4
296,6,3.75,Sports and Fitness,4,4,5
297,6,3.75,"Religious Activities, Sports and Fitness, Social Connections, Online Entertainment, Outdoor Activities",5,4,5
298,6,2.75,Sleep,5,5,4
299,8,1.75,Online Entertainment,4,3,4
300,4,2.95,Online Entertainment,3,3,5
301,6,2.25,Online Entertainment,4,4,1
302,6,3.75,Outdoor Activities,4,5,4
303,6,3.75,"Religious Activities, Online Entertainment, Outdoor Activities",5,5,3
304,8,3.75,"Religious Activities, Sports and Fitness",4,3,4
305,8,0,Religious Activities,4,3,4
306,8,2.75,"Online Entertainment, Outdoor Activities, Sleep",4,3,3
307,4,2.95,"Religious Activities, Sports and Fitness",3,5,2
308,6,2.75,"Online Entertainment, Outdoor Activities, Sleep",3,5,4
309,6,3.75,"Creative Outlets, Social Connections, Online Entertainment",4,5,4
310,6,2.75,"Religious Activities, Social Connections, Online Entertainment, Sleep",5,4,4
311,8,3.75,Online Entertainment,2,5,4
312,6,2.75,"Religious Activities, Online Entertainment, Outdoor Activities",4,5,5
313,6,3.75,Online Entertainment,4,3,3
314,6,2.25,"Religious Activities, Social Connections",5,4,5
315,4,2.95,"Religious Activities, Social Connections, Online Entertainment",5,5,4
316,8,3.75,"Religious Activities, Sports and Fitness, Social Connections, Online Entertainment, Outdoor Activities, Sleep",5,3,4
317,6,3.75,"Religious Activities, Sports and Fitness, Social Connections, Online Entertainment, Outdoor Activities, Sleep",5,2,3
318,8,3.75,"Religious Activities, Social Connections, Online Entertainment, Sleep",5,3,4
319,6,3.75,Outdoor Activities,5,3,5
320,8,3.75,Outdoor Activities,3,5,4
321,6,3.75,"Religious Activities, Sports and Fitness, Social Connections, Sleep",5,4,5
322,6,3.25,"Creative Outlets, Social Connections, Online Entertainment",5,5,4
323,8,3.25,"Religious Activities, Sports and Fitness, Social Connections",4,3,3
324,8,2.75,Religious Activities,5,2,2
325,4,2.45,Online Entertainment,5,5,4
326,6,1.75,"Religious Activities, Sleep",4,4,3
327,8,3.25,Online Entertainment,4,3,1
328,6,2.75,Sleep,3,4,5
329,8,2.75,Online Entertainment,5,2,3
330,6,2.75,Online Entertainment,5,4,5
331,4,3.45,Outdoor Activities,1,5,1
332,6,2.75,"Religious Activities, Online Entertainment",4,4,2
333,6,3.25,Religious Activities,3,4,4
334,6,2.25,"Religious Activities, Sports and Fitness, Social Connections, Sleep",4,4,4
335,6,3.75,Social Connections,5,4,4
336,6,2.75,Sports and Fitness,3,3,5
337,8,2.75,"Religious Activities, Sports and Fitness, Online Entertainment",3,2,4
338,6,2.75,Sleep,5,2,3
339,6,3.75,Outdoor Activities,4,4,4
340,6,2.75,"Religious Activities, Sports and Fitness, Social Connections, Online Entertainment, Outdoor Activities, Sleep",3,3,3
341,8,2.75,"Religious Activities, Sleep",4,3,4
342,6,2.75,"Social Connections, Online Entertainment",5,4,5
343,6,3.25,Online Entertainment,3,4,4
344,6,3.25,"Creative Outlets, Social Connections, Online Entertainment",5,4,4
345,8,2.75,Sports and Fitness,4,5,3
346,6,3.25,Religious Activities,5,4,4
347,8,3.25,"Religious Activities, Online Entertainment, Outdoor Activities",2,3,3
348,6,3.75,Outdoor Activities,3,4,4
349,6,3.25,Social Connections,4,4,5
350,8,3.75,"Religious Activities, Social Connections, Online Entertainment",2,5,4
351,6,3.75,"Religious Activities, Sports and Fitness, Online Entertainment",5,2,3
352,6,3.25,"Religious Activities, Sports and Fitness, Social Connections",4,5,1
353,6,3.25,"Religious Activities, Social Connections, Online Entertainment, Sleep",5,4,5
354,6,3.25,"Sports and Fitness, Creative Outlets, Online Entertainment, Outdoor Activities",3,4,5
355,6,3.75,"Online Entertainment, Sleep",5,4,2
356,8,3.25,"Online Entertainment, Outdoor Activities, Sleep",3,2,3
357,8,3.25,Religious Activities,4,5,3
358,6,3.75,"Religious Activities, Sports and Fitness, Online Entertainment",5,5,5
359,6,3.25,Social Connections,4,3,5
360,6,2.75,Sports and Fitness,4,3,5
361,8,2.75,Online Entertainment,3,2,3
362,6,2.75,"Religious Activities, Sports and Fitness, Outdoor Activities",2,3,3
363,8,3.75,"Religious Activities, Sports and Fitness, Creative Outlets, Online Entertainment",2,2,3
364,4,3.45,Sports and Fitness,3,5,4
365,6,0,"Religious Activities, Online Entertainment",3,5,5
366,6,3.75,Sports and Fitness,2,4,3
367,6,3.75,"Religious Activities, Online Entertainment, Outdoor Activities",4,5,1
368,6,2.75,"Religious Activities, Sports and Fitness, Social Connections, Sleep",5,5,4
369,4,2.95,"Religious Activities, Sports and Fitness, Outdoor Activities",3,5,4
370,8,3.75,"Creative Outlets, Social Connections, Online Entertainment, Outdoor Activities",5,5,4
371,8,3.25,Sleep,5,5,4
372,8,3.75,Outdoor Activities,4,2,3
373,6,3.25,Creative Outlets,5,4,1
374,6,3.25,Online Entertainment,5,5,1
375,6,3.75,"Social Connections, Outdoor Activities",5,3,4
376,6,3.25,Sports and Fitness,3,3,3
377,6,2.75,"Social Connections, Outdoor Activities",4,5,1
378,6,2.25,Sports and Fitness,1,5,4
379,6,3.75,"Religious Activities, Sports and Fitness, Social Connections, Online Entertainment, Outdoor Activities",3,4,5
380,8,2.75,Sleep,3,3,4
381,8,3.75,Religious Activities,4,3,4
382,6,2.75,Outdoor Activities,4,4,5
383,6,3.25,"Religious Activities, Social Connections",5,5,5
384,6,3.75,"Religious Activities, Creative Outlets, Social Connections",4,4,4
385,4,3.45,"Religious Activities, Creative Outlets, Social Connections",1,3,4
386,8,2.75,"Religious Activities, Social Connections, Online Entertainment",4,5,3
387,6,2.75,"Religious Activities, Online Entertainment, Outdoor Activities",4,2,4
388,6,3.25,"Religious Activities, Social Connections, Online Entertainment, Outdoor Activities",4,4,3
389,6,0,"Religious Activities, Sports and Fitness, Social Connections, Online Entertainment, Outdoor Activities, Sleep",5,4,4
390,6,3.25,"Social Connections, Online Entertainment, Sleep",4,4,5
391,8,3.25,"Religious Activities, Sports and Fitness, Online Entertainment",4,3,1
392,6,2.25,"Religious Activities, Social Connections, Online Entertainment",3,4,3
393,4,2.95,Sleep,1,3,5
394,8,3.75,Sleep,5,5,4
395,6,2.75,"Social Connections, Online Entertainment",3,5,3
396,6,3.75,Religious Activities,4,4,4
397,8,2.75,"Religious Activities, Sports and Fitness",5,3,4
398,8,3.75,Sports and Fitness,3,5,4
399,8,3.25,"Social Connections, Sleep",5,3,4
400,6,2.75,Religious Activities,4,4,5
401,8,3.25,"Religious Activities, Sports and Fitness, Outdoor Activities",4,3,4
402,8,3.25,"Creative Outlets, Social Connections, Online Entertainment",3,5,4
403,6,3.75,"Religious Activities, Sports and Fitness, Outdoor Activities",3,4,2
404,6,3.25,"Religious Activities, Outdoor Activities",4,4,5
405,6,3.25,"Religious Activities, Sports and Fitness, Outdoor Activities",4,2,3
406,6,2.75,"Religious Activities, Social Connections, Online Entertainment",3,4,3
407,4,3.45,"Religious Activities, Sleep",3,3,4
408,6,2.75,"Religious Activities, Social Connections",5,4,3
409,6,2.25,"Religious Activities, Social Connections, Online Entertainment, Outdoor Activities",4,5,5
410,6,3.25,"Social Connections, Outdoor Activities",4,4,3
411,6,2.75,"Religious Activities, Creative Outlets",5,3,5
412,6,3.25,Nothing,4,4,3
413,6,2.75,"Religious Activities, Sports and Fitness, Social Connections, Online Entertainment, Outdoor Activities",4,4,3
414,6,2.75,"Religious Activities, Sports and Fitness, Social Connections, Online Entertainment, Outdoor Activities, Sleep",4,5,5
415,6,3.75,"Creative Outlets, Social Connections, Online Entertainment",5,4,1
416,4,2.95,"Religious Activities, Sports and Fitness, Social Connections, Online Entertainment, Outdoor Activities, Sleep",3,5,4
417,6,3.25,Social Connections,4,5,4
418,8,3.25,Online Entertainment,5,3,4
419,8,2.25,Religious Activities,2,3,4
420,6,3.75,Sleep,1,4,5
421,6,3.75,"Religious Activities, Creative Outlets, Social Connections",4,5,5
422,6,3.75,Sleep,4,4,4
423,6,0,"Religious Activities, Sports and Fitness, Social Connections, Online Entertainment, Outdoor Activities, Sleep",5,4,4
424,8,3.25,Sports and Fitness,4,3,4
425,8,3.75,Outdoor Activities,4,5,4
426,6,3.25,Social Connections,5,3,3
427,6,3.25,Sports and Fitness,5,4,4
428,6,2.75,"Religious Activities, Sports and Fitness",3,5,4
429,6,2.75,Sleep,5,3,5
430,6,2.75,"Religious Activities, Social Connections, Sleep",4,5,5
431,8,3.25,"Sports and Fitness, Creative Outlets, Social Connections, Outdoor Activities, Sleep",4,5,4
432,6,3.75,"Religious Activities, Outdoor Activities",3,3,5
433,8,3.75,Online Entertainment,3,5,4
434,6,3.75,"Sports and Fitness, Creative Outlets, Social Connections, Outdoor Activities, Sleep",5,5,5
435,6,3.25,"Religious Activities, Sports and Fitness, Online Entertainment",4,5,5
436,6,3.25,"Religious Activities, Sports and Fitness, Social Connections, Online Entertainment, Outdoor Activities, Sleep",5,2,3
437,6,2.75,Sports and Fitness,4,4,2
438,6,0,"Religious Activities, Online Entertainment",4,3,1
439,6,3.25,"Religious Activities, Sports and Fitness, Outdoor Activities",4,3,4
440,6,3.75,"Religious Activities, Creative Outlets",5,4,4
441,6,3.25,Online Entertainment,4,4,3
442,8,2.25,"Religious Activities, Online Entertainment, Outdoor Activities",2,2,3
443,6,0,Nothing,4,2,5
444,8,3.75,"Social Connections, Online Entertainment, Sleep",5,3,3
445,6,3.75,"Religious Activities, Social Connections, Online Entertainment",4,4,5
446,8,3.75,Online Entertainment,5,5,3
447,8,2.75,"Religious Activities, Sports and Fitness, Creative Outlets, Online Entertainment",5,3,3
448,6,3.75,"Religious Activities, Sports and Fitness, Social Connections",5,4,3
449,6,3.25,"Religious Activities, Sleep",3,4,5
450,6,2.75,Online Entertainment,1,5,5
451,6,3.75,Outdoor Activities,3,4,3
452,6,3.25,"Religious Activities, Sports and Fitness, Social Connections, Online Entertainment, Outdoor Activities",4,4,5
453,4,2.45,"Religious Activities, Sports and Fitness, Creative Outlets, Online Entertainment",4,3,5
454,6,3.25,"Religious Activities, Social Connections, Sleep",3,3,5
455,6,2.25,Social Connections,3,3,2
456,6,3.75,Online Entertainment,3,3,3
457,8,2.75,"Religious Activities, Sports and Fitness, Social Connections, Online Entertainment, Outdoor Activities, Sleep",3,2,4
458,8,2.75,"Creative Outlets, Social Connections, Online Entertainment",3,2,3
459,6,2.75,"Religious Activities, Online Entertainment, Outdoor Activities",5,4,4
460,4,3.45,"Religious Activities, Sports and Fitness, Online Entertainment",1,3,1
461,6,1.75,"Social Connections, Outdoor Activities",5,5,1
462,6,2.75,"Religious Activities, Social Connections, Online Entertainment",3,3,4
463,6,3.75,"Religious Activities, Social Connections",5,3,1
464,6,2.75,"Religious Activities, Sports and Fitness, Online Entertainment",4,5,4
465,4,2.95,Sleep,5,3,4
466,6,3.75,Online Entertainment,4,5,3
467,6,2.75,Online Entertainment,5,4,3
468,6,3.25,Sports and Fitness,1,2,5
469,6,2.75,"Social Connections, Sleep",3,4,3
470,8,3.75,Sleep,2,5,1
471,6,3.75,"Religious Activities, Social Connections, Online Entertainment",5,4,2
472,6,2.25,Creative Outlets,5,4,4
473,6,0,"Religious Activities, Sports and Fitness, Online Entertainment",4,3,5
474,6,3.25,"Religious Activities, Outdoor Activities",3,4,3
475,6,3.75,Outdoor Activities,5,5,4
476,6,3.25,"Religious Activities, Sports and Fitness, Creative Outlets, Online Entertainment",3,2,4
477,6,3.25,"Sports and Fitness, Creative Outlets, Social Connections, Outdoor Activities, Sleep",4,4,5
478,8,3.75,"Sports and Fitness, Creative Outlets, Social Connections, Outdoor Activities, Sleep",4,3,4
479,8,2.75,Creative Outlets,4,5,4
480,6,3.75,Sleep,4,5,5
481,6,3.25,"Social Connections, Outdoor Activities",5,5,4
482,6,2.75,"Religious Activities, Social Connections, Online Entertainment, Sleep",3,5,4
483,6,2.75,"Religious Activities, Social Connections",4,4,5
484,6,2.75,Social Connections,5,3,2
485,6,2.75,"Religious Activities, Online Entertainment",3,2,4
486,8,2.75,"Religious Activities, Sports and Fitness, Social Connections, Online Entertainment, Outdoor Activities, Sleep",3,3,4
487,6,2.75,"Religious Activities, Social Connections, Online Entertainment, Outdoor Activities",4,4,5
488,6,3.75,Religious Activities,4,3,4
489,6,3.75,"Religious Activities, Outdoor Activities",4,3,4
490,6,3.25,Social Connections,4,4,5
491,6,3.25,"Religious Activities, Social Connections, Online Entertainment, Outdoor Activities",5,5,4
492,6,3.25,Sports and Fitness,4,5,5
493,6,1.75,"Religious Activities, Sports and Fitness",4,2,4
494,8,3.75,"Creative Outlets, Social Connections, Online Entertainment, Outdoor Activities",3,2,3
495,6,3.75,Religious Activities,3,5,1
496,8,3.75,"Religious Activities, Social Connections",4,2,3
497,8,3.75,"Online Entertainment, Outdoor Activities, Sleep",4,3,3
498,6,3.75,"Religious Activities, Online Entertainment",4,4,3
499,8,3.25,"Religious Activities, Social Connections, Online Entertainment",4,5,3
500,6,2.75,"Religious Activities, Sports and Fitness, Social Connections",4,4,4
501,6,2.75,"Religious Activities, Sports and Fitness, Social Connections, Sleep",4,4,4
502,6,2.75,"Religious Activities, Outdoor Activities",4,5,5
503,6,3.75,Online Entertainment,4,5,5
504,8,3.25,Religious Activities,3,5,4
505,6,3.75,Outdoor Activities,5,4,1
506,6,3.25,"Religious Activities, Creative Outlets",5,3,5
507,6,3.25,"Religious Activities, Sports and Fitness",3,3,3
508,6,3.25,"Religious Activities, Sports and Fitness, Social Connections",5,5,5
509,6,3.75,"Religious Activities, Sports and Fitness, Online Entertainment",4,4,4
510,6,2.25,Online Entertainment,3,4,4
511,8,3.75,Online Entertainment,3,3,4
512,6,3.75,Sports and Fitness,2,4,5
513,8,3.25,"Online Entertainment, Outdoor Activities, Sleep",4,5,3
514,8,2.75,"Religious Activities, Social Connections, Sleep",4,5,1
515,6,3.25,"Religious Activities, Sleep",4,4,5
516,8,2.25,"Social Connections, Online Entertainment",2,2,3
517,4,1.95,"Religious Activities, Online Entertainment, Outdoor Activities",5,5,4
518,6,2.75,"Religious Activities, Social Connections, Online Entertainment, Sleep",4,4,4
519,6,3.25,"Religious Activities, Social Connections, Online Entertainment",5,4,1
520,6,3.75,Religious Activities,4,3,5
521,8,2.75,"Creative Outlets, Social Connections, Online Entertainment",4,3,4
522,8,3.25,Social Connections,3,3,3
523,6,3.25,Sleep,3,5,5
524,8,2.25,Sleep,4,3,1
525,6,2.75,"Religious Activities, Sports and Fitness, Social Connections, Online Entertainment, Outdoor Activities, Sleep",3,4,5
526,8,3.75,"Religious Activities, Social Connections",5,3,4
527,6,3.25,Sleep,5,4,4
528,6,2.75,"Social Connections, Online Entertainment, Sleep",5,5,2
529,6,3.75,Religious Activities,5,4,1
530,6,3.75,"Religious Activities, Sports and Fitness, Social Connections, Sleep",3,4,4
531,6,3.25,Online Entertainment,4,5,3
532,8,3.75,Online Entertainment,5,5,2
533,6,2.75,"Religious Activities, Outdoor Activities",5,4,3
534,8,2.75,Religious Activities,4,5,4
535,6,3.75,"Religious Activities, Sports and Fitness, Social Connections, Online Entertainment, Outdoor Activities, Sleep",5,4,4
536,8,3.75,"Creative Outlets, Social Connections, Online Entertainment",2,3,4
537,8,2.75,Outdoor Activities,4,2,3
538,8,2.75,Sports and Fitness,4,3,3
539,6,2.75,Creative Outlets,5,4,3
540,6,2.75,Outdoor Activities,5,4,5
541,6,3.25,"Religious Activities, Social Connections, Online Entertainment",3,5,3
542,6,2.25,"Religious Activities, Sports and Fitness, Sleep",4,4,4
543,6,2.25,"Religious Activities, Social Connections, Sleep",4,2,5
544,6,3.75,Sports and Fitness,4,4,5
545,6,2.75,"Religious Activities, Sports and Fitness, Social Connections, Online Entertainment, Outdoor Activities, Sleep",4,2,3
546,6,3.25,"Religious Activities, Social Connections",5,3,2
547,6,3.25,"Creative Outlets, Social Connections, Online Entertainment",3,5,5
548,4,2.45,"Religious Activities, Sports and Fitness, Outdoor Activities",5,5,4
549,6,2.75,Religious Activities,5,4,3
550,8,2.75,"Religious Activities, Social Connections, Online Entertainment",4,3,4
551,6,3.25,Sports and Fitness,4,4,3
552,8,3.25,"Religious Activities, Sports and Fitness, Social Connections, Online Entertainment, Outdoor Activities, Sleep",5,2,3
553,6,3.25,"Religious Activities, Social Connections, Online Entertainment",4,4,1
554,6,3.25,"Creative Outlets, Social Connections, Online Entertainment",3,4,4
555,6,1.75,Sleep,4,3,5
556,8,3.75,Sleep,5,3,4
557,6,3.75,"Religious Activities, Social Connections, Sleep",3,5,3
558,8,3.75,"Religious Activities, Sports and Fitness, Social Connections, Online Entertainment, Outdoor Activities, Sleep",3,3,4
559,4,1.45,Online Entertainment,4,2,4
560,6,2.25,"Religious Activities, Social Connections, Online Entertainment",4,3,4
561,6,2.25,"Religious Activities, Sports and Fitness, Creative Outlets, Online Entertainment",4,4,4
562,6,3.75,Online Entertainment,1,2,3
563,8,2.75,"Religious Activities, Social Connections, Online Entertainment",5,3,2
564,4,2.45,Sports and Fitness,3,5,5
565,6,3.25,"Religious Activities, Sports and Fitness, Outdoor Activities",5,4,3
566,8,3.25,Sports and Fitness,4,3,4
567,6,2.75,"Social Connections, Outdoor Activities",4,4,2
568,6,2.75,Outdoor Activities,4,4,4
569,6,2.25,"Religious Activities, Sports and Fitness",3,5,5
570,6,3.25,Creative Outlets,5,4,4
571,8,3.25,Nothing,5,3,4
572,8,3.25,Online Entertainment,3,2,3
573,6,3.25,"Social Connections, Sleep",5,4,3
574,6,2.75,"Religious Activities, Sports and Fitness, Online Entertainment",4,5,5
575,6,1.75,"Religious Activities, Sports and Fitness, Social Connections, Sleep",5,3,5
576,6,3.25,Creative Outlets,3,5,3
577,8,2.25,Online Entertainment,3,5,4
578,8,3.25,"Social Connections, Sleep",4,3,4
579,4,3.45,"Religious Activities, Social Connections, Online Entertainment",2,5,3
580,8,3.75,"Sports and Fitness, Creative Outlets, Online Entertainment, Outdoor Activities",3,5,4
581,6,3.75,Outdoor Activities,4,5,4
582,8,2.75,Online Entertainment,4,3,4
583,4,2.95,"Religious Activities, Sports and Fitness, Social Connections, Online Entertainment, Outdoor Activities",4,5,5
584,6,3.25,"Religious Activities, Sports and Fitness",5,4,3
585,8,3.75,"Religious Activities, Online Entertainment, Outdoor Activities",4,2,4
586,8,3.25,"Religious Activities, Sports and Fitness, Social Connections",3,2,4
587,8,2.75,Religious Activities,3,3,1
588,6,3.25,"Religious Activities, Sports and Fitness, Social Connections, Online Entertainment, Outdoor Activities",1,4,5
589,6,2.75,Online Entertainment,5,4,5
590,6,2.25,"Religious Activities, Social Connections, Online Entertainment, Sleep",3,5,4
591,8,3.25,"Religious Activities, Online Entertainment",4,5,1
592,6,2.75,"Sports and Fitness, Creative Outlets, Online Entertainment, Outdoor Activities",5,4,4
593,6,3.25,"Religious Activities, Online Entertainment, Outdoor Activities",3,5,5
594,6,2.75,Online Entertainment,1,4,4
595,6,3.25,"Religious Activities, Online Entertainment, Outdoor Activities",3,3,3
596,6,3.75,"Religious Activities, Sports and Fitness, Social Connections, Sleep",1,5,2
597,8,3.25,"Social Connections, Sleep",3,3,4
598,6,3.75,Online Entertainment,5,4,5
599,6,2.25,Outdoor Activities,5,4,4
600,8,3.75,Sleep,1,3,4
601,6,3.25,"Sports and Fitness, Creative Outlets, Online Entertainment, Outdoor Activities",4,4,5
602,8,1.75,"Religious Activities, Social Connections",4,3,4
603,6,3.75,"Religious Activities, Sports and Fitness, Outdoor Activities",5,4,5
604,6,3.75,Sleep,5,5,3
605,8,1.75,"Religious Activities, Sports and Fitness",4,3,1
606,6,0,"Sports and Fitness, Creative Outlets, Online Entertainment, Outdoor Activities",4,3,3
607,6,3.25,"Online Entertainment, Sleep",3,5,3
608,8,3.75,Outdoor Activities,5,2,4
609,6,2.75,"Online Entertainment, Outdoor Activities, Sleep",4,5,5
610,8,3.75,Online Entertainment,3,3,3
611,6,3.75,Online Entertainment,3,3,4
612,6,2.75,"Religious Activities, Social Connections, Online Entertainment, Sleep",4,5,5
613,8,3.75,"Creative Outlets, Social Connections, Online Entertainment",5,3,3
614,6,3.25,Sleep,4,4,4
615,6,3.25,"Religious Activities, Social Connections",5,3,1
616,8,3.25,Religious Activities,3,3,4
617,6,3.75,"Religious Activities, Sports and Fitness, Social Connections, Online Entertainment, Outdoor Activities, Sleep",4,4,5
618,8,3.75,"Social Connections, Outdoor Activities",3,5,4
619,6,1.75,Sports and Fitness,3,5,3
620,6,3.25,"Religious Activities, Sports and Fitness",5,5,4
621,6,3.75,"Sports and Fitness, Creative Outlets, Social Connections, Outdoor Activities, Sleep",4,5,3
622,6,2.75,Outdoor Activities,4,4,3
623,6,2.75,"Online Entertainment, Sleep",5,3,4
624,6,3.75,"Religious Activities, Sports and Fitness, Social Connections, Online Entertainment, Outdoor Activities, Sleep",5,3,4
625,8,3.75,"Religious Activities, Online Entertainment",5,3,3
626,6,3.25,"Creative Outlets, Social Connections, Online Entertainment, Outdoor Activities",4,4,5
627,8,2.75,Religious Activities,3,2,3
628,8,2.75,Sleep,4,5,4
629,6,3.75,"Religious Activities, Creative Outlets, Social Connections",5,4,3
630,8,3.75,Sleep,5,3,4
631,8,2.25,"Social Connections, Sleep",5,2,3
632,6,3.25,"Religious Activities, Sports and Fitness, Creative Outlets, Online Entertainment",5,3,4
633,8,2.75,Sleep,5,3,4
634,8,2.75,"Religious Activities, Sports and Fitness",3,5,3
635,6,3.25,"Religious Activities, Sports and Fitness, Social Connections, Online Entertainment, Outdoor Activities, Sleep",4,2,2
636,6,3.75,Religious Activities,3,5,2
637,8,3.25,"Religious Activities, Social Connections, Online Entertainment",5,3,4
638,6,3.25,Social Connections,4,4,5
639,8,3.25,Religious Activities,4,3,3
640,8,3.25,Online Entertainment,4,2,3
641,8,2.75,"Social Connections, Outdoor Activities",5,3,1
642,6,3.25,"Religious Activities, Social Connections, Online Entertainment, Sleep",5,4,4
643,6,2.75,"Religious Activities, Sports and Fitness, Outdoor Activities",4,4,3
644,6,3.75,"Religious Activities, Sports and Fitness, Sleep",4,5,5
645,8,2.75,"Religious Activities, Social Connections, Sleep",4,3,3
646,4,2.95,Outdoor Activities,5,3,4
647,8,3.75,Online Entertainment,5,3,3
648,6,0,"Sports and Fitness, Creative Outlets, Online Entertainment, Outdoor Activities",3,4,4
649,6,2.75,"Religious Activities, Sports and Fitness, Social Connections, Online Entertainment, Outdoor Activities",5,4,5
650,6,2.75,Online Entertainment,3,3,3
651,6,2.75,Religious Activities,5,5,4
652,6,2.25,Sleep,4,5,5
653,8,3.75,"Religious Activities, Online Entertainment, Outdoor Activities",5,3,4
654,6,2.75,"Social Connections, Sleep",4,4,4
655,6,2.75,"Religious Activities, Sports and Fitness, Online Entertainment",5,4,4
656,8,3.25,"Online Entertainment, Outdoor Activities, Sleep",5,5,3
657,6,2.75,"Religious Activities, Sports and Fitness, Social Connections",2,4,2
658,6,3.25,Sleep,4,4,3
659,6,3.75,Sports and Fitness,5,2,5
660,6,3.75,"Religious Activities, Sports and Fitness, Social Connections",4,5,5
661,6,3.25,Online Entertainment,3,3,5
662,6,2.75,"Religious Activities, Social Connections, Online Entertainment",5,2,5
663,6,3.75,"Religious Activities, Sports and Fitness, Social Connections",1,4,3
664,8,1.75,Outdoor Activities,4,2,3
665,6,3.75,"Religious Activities, Sports and Fitness, Social Connections, Online Entertainment, Outdoor Activities",5,4,5
666,6,0,Social Connections,4,3,4
667,8,3.25,"Religious Activities, Creative Outlets, Social Connections",4,3,4
668,8,0,"Social Connections, Online Entertainment",3,5,2
669,6,3.25,"Religious Activities, Sports and Fitness, Creative Outlets, Online Entertainment",5,3,5
670,8,3.75,Sports and Fitness,5,3,4
671,8,3.75,"Sports and Fitness, Creative Outlets, Social Connections, Outdoor Activities, Sleep",4,3,4
672,6,2.25,"Religious Activities, Social Connections, Sleep",5,3,3
673,6,3.75,"Religious Activities, Social Connections, Online Entertainment",4,2,1
674,8,3.75,"Religious Activities, Sports and Fitness, Outdoor Activities",3,3,4
675,6,3.75,"Religious Activities, Sports and Fitness, Online Entertainment",1,5,5
676,6,3.25,"Religious Activities, Social Connections",4,3,4
677,4,2.95,Sports and Fitness,3,5,4
678,8,2.75,"Religious Activities, Outdoor Activities",5,5,4
679,8,3.25,Religious Activities,3,2,3
680,8,2.75,Creative Outlets,5,5,3
681,8,3.75,"Religious Activities, Creative Outlets",5,2,4
682,8,3.75,"Online Entertainment, Outdoor Activities, Sleep",4,5,4
683,8,3.75,Religious Activities,4,3,4
684,6,3.75,"Religious Activities, Social Connections, Online Entertainment",4,4,3
685,8,2.75,"Social Connections, Online Entertainment",4,5,2
686,4,2.95,Sports and Fitness,5,5,4
687,6,3.25,Creative Outlets,4,2,2
688,6,2.75,"Online Entertainment, Sleep",5,4,4
689,6,3.75,"Religious Activities, Social Connections, Online Entertainment, Sleep",3,3,5
690,6,2.75,Online Entertainment,4,3,5
691,6,3.75,"Religious Activities, Creative Outlets, Social Connections",1,4,4
692,6,2.75,"Religious Activities, Sports and Fitness, Sleep",3,5,5
693,6,3.25,Sleep,5,5,3
694,6,2.25,"Social Connections, Outdoor Activities",4,4,2
695,6,3.75,"Sports and Fitness, Creative Outlets, Online Entertainment, Outdoor Activities",5,2,5
696,6,0,"Social Connections, Sleep",4,2,5
697,8,3.75,"Religious Activities, Sports and Fitness, Sleep",5,3,2
698,8,3.75,"Social Connections, Online Entertainment, Sleep",3,2,3
699,4,3.45,Online Entertainment,3,5,5
700,4,1.95,"Religious Activities, Social Connections, Online Entertainment",4,3,5
701,6,0,Outdoor Activities,3,3,4
702,6,2.75,"Religious Activities, Sports and Fitness, Creative Outlets, Online Entertainment",5,5,5
703,6,3.25,Outdoor Activities,3,4,5
704,8,2.75,"Religious Activities, Sports and Fitness, Social Connections, Online Entertainment, Outdoor Activities, Sleep",3,3,2
705,6,3.75,Creative Outlets,4,4,4
706,6,2.75,"Religious Activities, Online Entertainment, Outdoor Activities",3,4,5
707,8,3.75,"Religious Activities, Social Connections, Online Entertainment",4,5,4
708,6,2.25,"Religious Activities, Sports and Fitness, Social Connections",5,4,5
709,6,0,Online Entertainment,5,5,3
710,4,3.45,"Religious Activities, Sports and Fitness, Social Connections",5,5,2
711,6,3.75,Sports and Fitness,4,5,4
712,6,3.75,"Religious Activities, Sports and Fitness, Social Connections, Online Entertainment, Outdoor Activities, Sleep",3,3,2
713,8,3.25,"Religious Activities, Sports and Fitness",4,5,3
714,6,3.25,Online Entertainment,2,3,5
715,4,3.45,"Religious Activities, Sports and Fitness, Social Connections, Online Entertainment, Outdoor Activities",4,5,4
716,6,2.75,"Creative Outlets, Social Connections, Online Entertainment, Outdoor Activities",4,5,3
717,6,2.75,Sports and Fitness,5,4,3
718,6,3.25,Social Connections,3,2,2
719,6,3.25,"Religious Activities, Social Connections",5,2,3
720,6,2.75,Outdoor Activities,4,5,3
721,6,3.25,Social Connections,5,4,5
722,6,0,Online Entertainment,5,4,5
723,6,2.75,"Religious Activities, Social Connections",5,2,3
724,6,0,"Creative Outlets, Social Connections, Online Entertainment",3,4,4
725,6,2.75,"Religious Activities, Sports and Fitness, Creative Outlets, Online Entertainment",3,5,5
726,8,3.25,Religious Activities,5,3,4
727,6,3.75,"Religious Activities, Sports and Fitness, Sleep",5,4,4
728,6,2.75,"Religious Activities, Social Connections, Online Entertainment, Sleep",4,4,3
729,6,3.75,"Religious Activities, Outdoor Activities",3,3,4
730,4,3.45,Religious Activities,4,5,4
731,6,1.75,Religious Activities,4,4,3
732,8,0,"Religious Activities, Sports and Fitness, Outdoor Activities",2,3,4
733,8,3.25,Religious Activities,5,5,4
734,8,3.25,Online Entertainment,4,3,4
735,6,2.75,"Online Entertainment, Sleep",3,5,2
736,8,2.75,Sports and Fitness,5,5,4
737,6,3.75,"Social Connections, Sleep",4,3,2
738,8,3.25,"Online Entertainment, Sleep",4,2,1
739,8,3.75,"Creative Outlets, Social Connections, Online Entertainment",5,3,4
740,6,3.25,Social Connections,3,5,3
741,6,3.25,"Sports and Fitness, Creative Outlets, Online Entertainment, Outdoor Activities",4,5,5
742,6,2.75,"Creative Outlets, Social Connections, Online Entertainment, Outdoor Activities",5,4,5
743,6,2.75,"Religious Activities, Social Connections, Online Entertainment, Outdoor Activities",4,4,4
744,6,0,"Religious Activities, Creative Outlets, Social Connections",5,4,3
745,6,2.75,"Social Connections, Outdoor Activities",4,5,4
746,6,3.25,Social Connections,4,5,3
747,8,2.75,Sports and Fitness,4,3,4
748,6,0,Nothing,4,5,4
749,6,2.75,"Religious Activities, Social Connections",4,4,3
750,6,3.75,"Religious Activities, Creative Outlets",5,4,1
751,6,0,Online Entertainment,4,3,5
752,6,0,"Sports and Fitness, Creative Outlets, Social Connections, Outdoor Activities, Sleep",4,2,5
753,8,2.75,"Religious Activities, Social Connections, Online Entertainment, Outdoor Activities",3,3,4
754,6,3.25,Online Entertainment,4,5,3
755,8,3.75,"Religious Activities, Creative Outlets",5,3,4
756,6,3.25,"Religious Activities, Social Connections, Online Entertainment",5,5,5
757,6,3.25,"Religious Activities, Social Connections, Online Entertainment",5,5,5
758,8,3.25,Sports and Fitness,5,3,4
759,8,2.25,"Sports and Fitness, Creative Outlets, Social Connections, Outdoor Activities, Sleep",4,3,3
760,6,3.75,"Creative Outlets, Social Connections, Online Entertainment",4,4,3
761,8,0,Sports and Fitness,4,3,3
762,8,3.75,"Religious Activities, Sports and Fitness, Social Connections, Online Entertainment, Outdoor Activities, Sleep",3,3,4
763,4,2.45,"Religious Activities, Social Connections",4,3,4
764,6,2.75,Nothing,4,4,5
765,8,3.25,Online Entertainment,4,2,3
766,8,3.25,Online Entertainment,3,3,4
767,6,3.25,"Social Connections, Outdoor Activities",5,4,4
768,6,3.25,Outdoor Activities,5,3,5
769,8,3.75,"Religious Activities, Social Connections, Online Entertainment, Sleep",4,5,4
770,6,3.75,"Social Connections, Sleep",4,2,3
771,8,3.25,Online Entertainment,1,3,4
772,6,3.25,"Social Connections, Online Entertainment",1,4,2
773,6,3.75,"Religious Activities, Social Connections",4,4,3
774,8,0,Religious Activities,3,5,4
775,8,2.75,"Religious Activities, Sports and Fitness, Online Entertainment",4,3,4
776,6,2.75,Outdoor Activities,4,5,5
777,8,3.25,"Creative Outlets, Social Connections, Online Entertainment, Outdoor Activities",5,5,3
778,6,0,Religious Activities,5,2,5
779,8,3.25,"Sports and Fitness, Creative Outlets, Online Entertainment, Outdoor Activities",3,3,4
780,6,3.75,Sports and Fitness,4,4,3
781,4,2.95,"Online Entertainment, Sleep",5,5,5
782,6,2.75,"Religious Activities, Social Connections",3,4,5
783,6,0,"Religious Activities, Sports and Fitness, Online Entertainment",4,4,3
784,6,3.75,Social Connections,5,4,3
785,8,2.75,Outdoor Activities,5,3,2
786,6,3.75,Sleep,4,5,3
787,6,2.75,"Social Connections, Online Entertainment, Sleep",1,3,2
788,8,2.75,Sports and Fitness,5,3,3
789,8,3.75,Sports and Fitness,3,2,3
790,8,3.25,"Religious Activities, Social Connections",5,2,4
791,6,3.75,"Religious Activities, Sports and Fitness, Creative Outlets, Online Entertainment",5,4,5
792,6,3.25,"Sports and Fitness, Creative Outlets, Social Connections, Outdoor Activities, Sleep",4,5,1
793,6,3.75,Online Entertainment,4,5,4
794,4,2.45,"Religious Activities, Social Connections, Online Entertainment",3,3,4
795,6,2.75,"Religious Activities, Social Connections, Online Entertainment, Sleep",4,5,5
796,8,3.25,"Religious Activities, Social Connections",1,3,1
797,8,3.75,"Religious Activities, Sports and Fitness, Social Connections, Online Entertainment, Outdoor Activities, Sleep",5,3,2
798,8,3.25,Sports and Fitness,3,3,3
799,6,3.25,Sleep,3,2,5
800,4,3.45,"Religious Activities, Sports and Fitness, Social Connections, Online Entertainment, Outdoor Activities",3,5,4
801,6,2.75,Sleep,3,3,5
802,8,2.75,"Religious Activities, Social Connections, Sleep",3,3,1
803,6,0,Social Connections,5,4,5
804,6,2.25,"Religious Activities, Sports and Fitness, Social Connections, Online Entertainment, Outdoor Activities, Sleep",5,3,5
805,8,3.25,"Creative Outlets, Social Connections, Online Entertainment",5,3,4
806,6,2.25,"Religious Activities, Sports and Fitness, Social Connections",5,3,3
807,6,0,"Social Connections, Sleep",3,4,1
808,6,3.25,Outdoor Activities,4,4,5
809,8,3.25,Religious Activities,5,3,4
810,8,3.75,Sports and Fitness,3,3,4
811,8,2.75,Religious Activities,4,3,4
812,6,3.75,"Religious Activities, Sports and Fitness, Sleep",4,3,3
813,6,2.75,Online Entertainment,5,4,5
814,8,3.25,Creative Outlets,5,5,4
815,8,3.75,Sports and Fitness,5,3,4
816,6,3.25,"Social Connections, Online Entertainment",3,4,3
817,6,3.75,"Religious Activities, Online Entertainment",1,3,5
818,8,3.25,Sports and Fitness,5,3,2
819,4,3.45,"Social Connections, Outdoor Activities",5,5,5
820,6,2.75,Outdoor Activities,4,4,4
821,6,0,Social Connections,5,4,5
822,6,2.75,Nothing,4,4,5
823,6,2.75,"Online Entertainment, Sleep",1,5,1
824,6,3.25,"Religious Activities, Creative Outlets",3,4,4
825,6,3.25,Outdoor Activities,3,5,2
826,6,3.75,"Religious Activities, Sports and Fitness, Social Connections, Online Entertainment, Outdoor Activities",3,4,4
827,6,3.75,Online Entertainment,4,3,4
828,8,3.75,"Religious Activities, Sports and Fitness",4,3,4
829,8,2.75,Religious Activities,5,3,3
830,8,3.75,Online Entertainment,4,5,2
831,6,3.25,"Creative Outlets, Social Connections, Online Entertainment",3,5,3
832,6,2.75,Online Entertainment,5,4,1
833,8,0,Sleep,3,3,4
834,6,2.75,Creative Outlets,3,3,1
835,4,3.45,Sports and Fitness,4,5,5
836,6,3.75,"Social Connections, Online Entertainment, Sleep",5,2,3
837,6,3.25,Sleep,5,4,3
838,6,3.75,"Sports and Fitness, Creative Outlets, Social Connections, Outdoor Activities, Sleep",3,3,4
839,6,3.75,Sleep,5,3,5
840,6,3.25,Outdoor Activities,3,3,3
841,4,3.45,"Religious Activities, Sports and Fitness, Social Connections, Online Entertainment, Outdoor Activities, Sleep",4,5,4
842,6,3.75,"Religious Activities, Social Connections, Online Entertainment, Sleep",4,4,4
843,6,3.25,"Creative Outlets, Social Connections, Online Entertainment, Outdoor Activities",5,4,4
844,8,0,"Religious Activities, Sports and Fitness, Social Connections, Online Entertainment, Outdoor Activities, Sleep",5,3,4
845,6,3.75,"Religious Activities, Creative Outlets",4,3,4
846,8,3.25,"Religious Activities, Social Connections, Online Entertainment, Sleep",4,2,4
847,6,3.75,"Creative Outlets, Social Connections, Online Entertainment",4,4,5
848,6,3.75,"Religious Activities, Social Connections, Online Entertainment",4,3,4
849,6,2.75,Sports and Fitness,4,4,5
850,6,3.25,"Religious Activities, Social Connections, Online Entertainment",5,5,5
851,6,3.25,Sleep,4,4,3
852,6,3.75,Religious Activities,5,3,5
853,6,3.25,Online Entertainment,4,3,1
854,6,2.75,Religious Activities,5,4,3
855,6,3.75,Sleep,2,2,5
856,6,3.75,"Religious Activities, Creative Outlets, Social Connections",5,2,5
857,6,3.75,"Religious Activities, Sports and Fitness, Social Connections",4,5,4
858,8,0,"Religious Activities, Sports and Fitness",4,3,4
859,6,2.75,Sleep,4,4,2
860,6,3.25,Online Entertainment,4,4,3
861,4,2.45,"Religious Activities, Sports and Fitness, Social Connections, Online Entertainment, Outdoor Activities",5,5,5
862,8,2.75,"Religious Activities, Online Entertainment",5,3,4
863,6,3.75,"Creative Outlets, Social Connections, Online Entertainment, Outdoor Activities",4,2,4
864,8,0,"Religious Activities, Social Connections, Online Entertainment",3,3,4
865,6,3.75,Sports and Fitness,4,2,4
866,6,3.25,"Religious Activities, Online Entertainment, Outdoor Activities",4,5,1
867,8,2.75,"Religious Activities, Sleep",5,5,4
868,6,3.75,Sleep,5,5,2
869,6,3.25,Online Entertainment,3,2,5
870,6,3.75,"Online Entertainment, Outdoor Activities, Sleep",4,4,3
871,6,3.75,"Religious Activities, Sports and Fitness, Creative Outlets, Online Entertainment",1,3,3
872,6,3.25,"Religious Activities, Sports and Fitness, Social Connections, Online Entertainment, Outdoor Activities",5,5,4
873,6,3.75,"Religious Activities, Online Entertainment",4,3,4
874,6,2.75,"Religious Activities, Social Connections, Online Entertainment",5,3,5
875,4,2.95,"Religious Activities, Social Connections, Online Entertainment",3,3,5
876,6,3.25,"Creative Outlets, Social Connections, Online Entertainment, Outdoor Activities",3,4,4
877,6,3.25,Religious Activities,5,4,4
878,6,3.75,"Religious Activities, Social Connections",4,4,4
879,4,2.45,Outdoor Activities,3,5,5
880,6,2.25,Online Entertainment,2,4,1
881,6,2.75,"Religious Activities, Sports and Fitness, Online Entertainment",4,2,5
882,6,2.75,"Religious Activities, Sports and Fitness, Creative Outlets, Online Entertainment",4,3,3
883,8,3.25,Religious Activities,4,2,4
884,6,3.75,"Online Entertainment, Outdoor Activities, Sleep",4,4,4
885,8,2.75,Social Connections,4,2,3
886,6,3.75,"Religious Activities, Sports and Fitness, Online Entertainment",4,5,4
887,6,2.75,Outdoor Activities,5,4,5
888,6,3.75,"Religious Activities, Sports and Fitness, Social Connections, Online Entertainment, Outdoor Activities",3,3,4
889,6,2.75,"Religious Activities, Social Connections, Online Entertainment, Outdoor Activities",4,5,4
890,8,3.75,"Religious Activities, Creative Outlets, Social Connections",1,3,4
891,8,3.75,Online Entertainment,5,3,3
892,6,3.25,Religious Activities,4,4,3
893,6,3.75,Online Entertainment,3,3,1
894,8,3.75,"Creative Outlets, Social Connections, Online Entertainment",4,2,3
895,6,2.75,"Religious Activities, Sports and Fitness, Sleep",3,3,5
896,6,3.25,"Religious Activities, Sports and Fitness, Creative Outlets, Online Entertainment",4,4,5
897,8,3.75,Sleep,5,3,4
898,8,3.25,Online Entertainment,5,3,2
899,4,2.45,"Religious Activities, Sports and Fitness, Social Connections, Online Entertainment, Outdoor Activities",4,5,4
900,8,0,Social Connections,5,3,4
901,6,3.75,Outdoor Activities,5,2,3
902,6,2.75,Outdoor Activities,4,4,4
903,6,3.75,Online Entertainment,3,5,5
904,6,3.75,"Religious Activities, Sports and Fitness, Social Connections, Sleep",5,5,3
905,6,2.75,"Religious Activities, Sports and Fitness, Online Entertainment",5,5,5
906,8,2.75,"Social Connections, Sleep",3,3,2
907,6,3.25,Online Entertainment,5,5,1
908,6,3.75,Online Entertainment,3,5,5
909,6,3.75,"Religious Activities, Social Connections, Online Entertainment",5,3,5
910,6,3.75,"Religious Activities, Social Connections, Online Entertainment",5,4,4
911,4,3.45,"Religious Activities, Sports and Fitness, Social Connections, Online Entertainment, Outdoor Activities",4,5,4
912,6,3.25,Outdoor Activities,5,4,4
913,8,3.75,Sleep,5,3,4
914,8,3.75,"Religious Activities, Sports and Fitness, Social Connections, Online Entertainment, Outdoor Activities",5,3,4
915,8,3.25,Online Entertainment,5,3,4
916,6,3.25,"Religious Activities, Social Connections",5,4,3
917,6,2.75,Sports and Fitness,5,4,3
918,8,2.75,"Religious Activities, Creative Outlets",5,3,4
919,8,0,"Religious Activities, Creative Outlets, Social Connections",4,2,4
920,6,3.75,Sleep,4,4,4
921,4,2.95,"Sports and Fitness, Creative Outlets, Online Entertainment, Outdoor Activities",5,5,4
922,6,3.75,Sports and Fitness,3,4,3
923,6,0,"Religious Activities, Sports and Fitness, Social Connections, Online Entertainment, Outdoor Activities",2,5,3
924,6,3.25,"Creative Outlets, Social Connections, Online Entertainment, Outdoor Activities",1,4,5
925,6,3.75,Sports and Fitness,5,5,1
926,6,3.75,Sports and Fitness,3,4,5
927,8,3.75,"Creative Outlets, Social Connections, Online Entertainment, Outdoor Activities",5,3,4
928,6,3.25,Sleep,4,5,4
929,6,3.75,Online Entertainment,4,4,4
930,6,2.75,Sleep,5,4,1
931,8,2.75,"Religious Activities, Sports and Fitness, Sleep",4,3,4
932,8,2.75,"Religious Activities, Sports and Fitness, Outdoor Activities",5,5,4
933,8,3.25,Social Connections,3,3,3
934,6,3.25,Religious Activities,3,4,3
935,6,3.75,Online Entertainment,5,4,3
936,6,2.75,Sleep,1,4,5
937,6,2.75,Sports and Fitness,4,5,3
938,6,3.75,"Religious Activities, Sports and Fitness, Sleep",4,4,1
939,6,3.25,Sports and Fitness,1,5,5
940,6,3.25,Sleep,5,4,3
941,8,3.25,"Religious Activities, Sports and Fitness, Social Connections, Online Entertainment, Outdoor Activities, Sleep",5,3,1
942,8,3.75,"Religious Activities, Social Connections, Online Entertainment, Outdoor Activities",4,3,3
943,6,2.25,"Religious Activities, Sports and Fitness, Sleep",5,2,5
944,6,2.75,"Religious Activities, Social Connections",3,4,4
945,8,3.75,"Religious Activities, Sports and Fitness, Social Connections",4,5,3
946,8,3.75,"Religious Activities, Social Connections, Online Entertainment",5,5,4
947,8,3.75,"Religious Activities, Sports and Fitness, Creative Outlets, Online Entertainment",5,3,3
948,8,2.75,"Religious Activities, Sports and Fitness",4,5,3
949,8,3.25,Religious Activities,4,5,4
950,8,2.75,Sports and Fitness,5,3,4
951,6,3.25,"Religious Activities, Social Connections, Online Entertainment",4,5,5
952,6,3.75,Online Entertainment,4,3,3
953,6,2.25,Social Connections,4,5,4
954,6,3.75,Sports and Fitness,5,4,5
955,8,3.25,"Religious Activities, Sports and Fitness",5,2,3
956,8,3.75,Outdoor Activities,5,5,3
957,4,2.95,"Religious Activities, Social Connections, Online Entertainment",4,5,4
958,6,3.25,"Online Entertainment, Sleep",3,3,3
959,6,3.25,"Sports and Fitness, Creative Outlets, Social Connections, Outdoor Activities, Sleep",4,4,3
960,6,2.25,"Creative Outlets, Social Connections, Online Entertainment, Outdoor Activities",4,3,1
961,6,3.25,Religious Activities,3,4,4
962,8,2.75,"Religious Activities, Social Connections, Online Entertainment",5,2,3
963,8,3.75,"Religious Activities, Sports and Fitness",5,3,4
964,6,2.75,Religious Activities,5,3,4
965,8,2.75,"Religious Activities, Sports and Fitness, Social Connections, Online Entertainment, Outdoor Activities, Sleep",3,3,4
966,6,3.25,"Religious Activities, Social Connections, Online Entertainment, Sleep",5,5,4
967,6,3.25,"Social Connections, Sleep",1,4,4
968,8,3.25,"Social Connections, Online Entertainment, Sleep",5,3,4
969,6,3.25,"Religious Activities, Social Connections, Online Entertainment",3,5,3
970,6,3.75,"Religious Activities, Sports and Fitness, Outdoor Activities",5,5,5
971,6,3.75,Online Entertainment,5,4,4
972,6,3.25,Sports and Fitness,3,4,3
973,6,3.25,"Religious Activities, Social Connections, Online Entertainment, Sleep",5,4,4
974,8,3.25,"Religious Activities, Social Connections",4,3,3
975,6,3.25,Religious Activities,4,4,5
976,6,2.25,"Religious Activities, Social Connections, Online Entertainment",3,4,5
977,6,2.75,Online Entertainment,5,5,3
978,6,3.25,"Religious Activities, Creative Outlets, Social Connections",3,4,5
979,6,3.75,"Religious Activities, Sports and Fitness, Online Entertainment",4,5,3
980,6,3.75,Sports and Fitness,4,4,5
981,8,3.25,Online Entertainment,4,3,4
982,8,3.75,"Religious Activities, Sports and Fitness, Outdoor Activities",3,3,4
983,4,3.45,Outdoor Activities,4,5,4
984,6,3.25,Religious Activities,3,3,2
985,6,3.25,"Religious Activities, Sports and Fitness, Online Entertainment",4,5,3
986,4,2.45,"Religious Activities, Sleep",4,3,4
987,6,3.75,Online Entertainment,3,4,4
988,6,2.75,"Religious Activities, Social Connections, Online Entertainment",4,4,5
989,6,2.75,Sleep,4,5,4
990,6,3.75,Sports and Fitness,5,4,4
991,6,3.25,"Religious Activities, Online Entertainment, Outdoor Activities",4,5,1
992,8,3.25,Online Entertainment,5,5,3
993,6,3.25,"Religious Activities, Social Connections",4,4,5
994,8,3.25,Sports and Fitness,4,2,4
995,6,2.75,"Religious Activities, Social Connections, Online Entertainment, Outdoor Activities",5,4,5
996,8,3.75,Sleep,4,3,2
997,6,3.75,"Religious Activities, Sports and Fitness, Outdoor Activities",5,5,4
998,8,3.75,"Religious Activities, Sports and Fitness, Creative Outlets, Online Entertainment",4,5,1
999,6,3.25,"Religious Activities, Social Connections, Online Entertainment",4,3,4
1000,6,3.75,Sleep,3,2,4
