student_id,university,age,gender,academic_year,degree_major,degree_level,residential_status
1,PU,19,Male,2nd year,Data Science,Undergraduate,Off-Campus
2,PU,20,Male,2nd year,Data Science,Undergraduate,Off-Campus
3,PU,19,Male,4th year,Data Science,Undergraduate,Off-Campus
4,PU,18,Male,3rd year,Computer Science,Undergraduate,Off-Campus
5,UET,21,Male,1st year,Computer Science,Undergraduate,Off-Campus
6,PU,21,Male,2nd year,Data Science,Undergraduate,Off-Campus
7,PU,20,Male,2nd year,Data Science,Undergraduate,Off-Campus
8,PU,20,Male,3rd year,Data Science,Undergraduate,Off-Campus
9,UET,20,Male,2nd year,Computer Science,Undergraduate,Off-Campus
10,PU,20,Female,2nd year,Data Science,Undergraduate,Off-Campus
11,PU,19,Male,3rd year,Data Science,Undergraduate,Off-Campus
12,PU,20,Male,3rd year,Computer Science,Undergraduate,Off-Campus
13,PU,20,Female,3rd year,Software Engineering,Undergraduate,Off-Campus
14,PU,20,Female,1st year,Computer Science,Undergraduate,Off-Campus
15,PU,19,Male,4th year,Information Technology,Undergraduate,Off-Campus
16,PU,22,Male,3rd year,Computer Science,Undergraduate,On-Campus
17,UET,20,Male,1st year,Data Science,Undergraduate,Off-Campus
18,PU,19,Male,4th year,Data Science,Undergraduate,Off-Campus
19,PU,21,Male,1st year,Computer Science,Undergraduate,Off-Campus
20,UET,21,Female,2nd year,Computer Science,Undergraduate,Off-Campus
21,PU,21,Male,1st year,Computer Science,Undergraduate,Off-Campus
22,PU,18,Male,2nd year,Computer Science,Undergraduate,Off-Campus
23,UOL,20,Male,1st year,Computer Science,Undergraduate,On-Campus
24,PU,19,Male,3rd year,Computer Science,Undergraduate,On-Campus
25,PU,20,Male,1st year,Data Science,Undergraduate,Off-Campus
26,UOL,20,Male,1st year,Computer Science,Undergraduate,Off-Campus
27,UET,20,Male,1st year,Data Science,Undergraduate,Off-Campus
28,PU,20,Male,3rd year,Computer Science,Undergraduate,Off-Campus
29,COMSATS,20,Male,2nd year,Computer Science,Undergraduate,Off-Campus
30,PU,17,Male,2nd year,Data Science,Undergraduate,Off-Campus
31,PU,20,Male,1st year,Data Science,Undergraduate,Off-Campus
32,UET,20,Female,2nd year,Software Engineering,Undergraduate,On-Campus
33,PU,19,Male,1st year,Information Technology,Undergraduate,Off-Campus
34,FAST,20,Male,4th year,Data Science,Undergraduate,On-Campus
35,PU,17,Male,4th year,Data Science,Undergraduate,On-Campus
36,PU,19,Male,1st year,Computer Science,Undergraduate,Off-Campus
37,COMSATS,20,Male,1st year,Computer Science,Postgraduate,Off-Campus
38,KUST,22,Male,3rd year,Computer Science,Undergraduate,Off-Campus
39,UET,20,Male,3rd year,Data Science,Undergraduate,Off-Campus
40,UET,22,Male,1st year,Computer Science,Undergraduate,Off-Campus
41,UMT,22,Male,3rd year,Information Technology,Undergraduate,On-Campus
42,PU,20,Male,3rd year,Data Science,Undergraduate,On-Campus
43,PU,20,Male,3rd year,Data Science,Undergraduate,Off-Campus
44,PU,21,Male,3rd year,Information Technology,Undergraduate,Off-Campus
45,PU,20,Male,1st year,Computer Science,Undergraduate,Off-Campus
46,PU,19,Male,3rd year,Computer Science,Undergraduate,Off-Campus
47,COMSATS,19,Male,1st year,Data Science,Undergraduate,Off-Campus
48,PU,23,Female,4th year,Data Science,Undergraduate,Off-Campus
49,UET,21,Female,1st year,Computer Science,Undergraduate,Off-Campus
50,PU,19,Male,4th year,Computer Science,Undergraduate,Off-Campus
51,COMSATS,20,Male,1st year,Information Technology,Undergraduate,Off-Campus
52,PU,17,Male,1st year,Computer Science,Undergraduate,Off-Campus
53,COMSATS,20,Male,3rd year,Software Engineering,Undergraduate,Off-Campus
54,UET,19,Male,3rd year,Computer Science,Undergraduate,Off-Campus
55,PU,20,Male,4th year,Data Science,Undergraduate,Off-Campus
56,PU,20,Male,2nd year,Data Science,Undergraduate,Off-Campus
57,NUST,20,Male,1st year,Data Science,Undergraduate,On-Campus
58,PU,21,Male,4th year,Computer Science,Undergraduate,Off-Campus
59,KUST,19,Male,3rd year,Computer Science,Undergraduate,Off-Campus
60,COMSATS,22,Male,4th year,Computer Science,Undergraduate,Off-Campus
61,PU,20,Male,1st year,Computer Science,Undergraduate,Off-Campus
62,PU,20,Male,3rd year,Data Science,Undergraduate,Off-Campus
63,COMSATS,20,Male,2nd year,Computer Science,Undergraduate,Off-Campus
64,PU,19,Male,3rd year,Computer Science,Undergraduate,Off-Campus
65,PU,21,Male,2nd year,Computer Science,Undergraduate,Off-Campus
66,PU,19,Male,1st year,Data Science,Undergraduate,Off-Campus
67,PU,20,Male,4th year,Computer Science,Undergraduate,On-Campus
68,PU,20,Male,2nd year,Data Science,Undergraduate,Off-Campus
69,UET,22,Male,2nd year,Computer Science,Undergraduate,Off-Campus
70,PU,20,Male,1st year,Information Technology,Undergraduate,Off-Campus
71,PU,20,Male,1st year,Information Technology,Undergraduate,Off-Campus
72,PU,20,Male,2nd year,Information Technology,Undergraduate,Off-Campus
73,FAST,20,Male,3rd year,Data Science,Undergraduate,Off-Campus
74,PU,19,Male,1st year,Data Science,Undergraduate,Off-Campus
75,FAST,20,Male,3rd year,Computer Science,Undergraduate,Off-Campus
76,UMT,19,Male,2nd year,Data Science,Undergraduate,Off-Campus
77,PU,20,Male,1st year,Data Science,Undergraduate,Off-Campus
78,PU,19,Male,3rd year,Computer Science,Undergraduate,Off-Campus
79,PU,20,Male,3rd year,Computer Science,Undergraduate,Off-Campus
80,UET,19,Male,1st year,Computer Science,Undergraduate,Off-Campus
81,PU,20,Male,3rd year,Data Science,Undergraduate,Off-Campus
82,PU,20,Male,3rd year,Data Science,Undergraduate,On-Campus
83,PU,19,Female,1st year,Software Engineering,Undergraduate,Off-Campus
84,COMSATS,20,Male,3rd year,Data Science,Undergraduate,Off-Campus
85,PU,22,Male,4th year,Data Science,Undergraduate,Off-Campus
86,UET,20,Male,3rd year,Data Science,Undergraduate,Off-Campus
87,PU,20,Female,1st year,Computer Science,Undergraduate,Off-Campus
88,UET,21,Male,1st year,Computer Science,Undergraduate,Off-Campus
89,FAST,19,Male,1st year,Computer Science,Undergraduate,Off-Campus
90,PU,19,Male,3rd year,Computer Science,Undergraduate,Off-Campus
91,PU,20,Male,1st year,Computer Science,Undergraduate,On-Campus
92,UET,18,Male,3rd year,Computer Science,Undergraduate,On-Campus
93,PU,20,Male,1st year,Computer Science,Undergraduate,Off-Campus
94,PU,21,Female,1st year,Computer Science,Undergraduate,On-Campus
95,COMSATS,21,Male,3rd year,Computer Science,Undergraduate,Off-Campus
96,NUST,18,Male,3rd year,Computer Science,Undergraduate,On-Campus
97,PU,20,Male,3rd year,Computer Science,Undergraduate,Off-Campus
98,PU,20,Male,1st year,Data Science,Undergraduate,On-Campus
99,PU,21,Male,1st year,Data Science,Undergraduate,Off-Campus
100,UET,19,Male,2nd year,Software Engineering,Undergraduate,Off-Campus
101,NUST,22,Male,1st year,Computer Science,Undergraduate,On-Campus
102,UET,22,Male,1st year,Computer Science,Undergraduate,Off-Campus
103,PU,20,Male,1st year,Information Technology,Undergraduate,Off-Campus
104,PU,20,Male,3rd year,Data Science,Undergraduate,On-Campus
105,PU,20,Male,1st year,Computer Science,Undergraduate,On-Campus
106,UET,22,Male,3rd year,Data Science,Undergraduate,Off-Campus
107,COMSATS,20,Male,1st year,Computer Science,Undergraduate,On-Campus
108,PU,20,Male,3rd year,Data Science,Undergraduate,Off-Campus
109,COMSATS,21,Male,1st year,Computer Science,Undergraduate,Off-Campus
110,PU,19,Male,4th year,Computer Science,Undergraduate,Off-Campus
111,UMT,18,Male,1st year,Computer Science,Undergraduate,Off-Campus
112,PU,19,Female,1st year,Information Technology,Undergraduate,On-Campus
113,COMSATS,21,Male,3rd year,Computer Science,Undergraduate,Off-Campus
114,FAST,20,Female,3rd year,Data Science,Undergraduate,Off-Campus
115,UMT,22,Male,1st year,Computer Science,Undergraduate,Off-Campus
116,PU,20,Female,4th year,Computer Science,Undergraduate,Off-Campus
117,PU,20,Female,3rd year,Data Science,Undergraduate,Off-Campus
118,FAST,20,Male,1st year,Data Science,Undergraduate,Off-Campus
119,PU,20,Male,2nd year,Information Technology,Undergraduate,Off-Campus
120,PU,19,Male,1st year,Computer Science,Undergraduate,On-Campus
121,UET,20,Male,3rd year,Computer Science,Undergraduate,On-Campus
122,PU,18,Male,1st year,Data Science,Undergraduate,Off-Campus
123,UET,17,Male,3rd year,Data Science,Undergraduate,On-Campus
124,COMSATS,20,Male,1st year,Data Science,Undergraduate,Off-Campus
125,PU,19,Female,3rd year,Computer Science,Undergraduate,Off-Campus
126,FAST,20,Female,4th year,Information Technology,Undergraduate,Off-Campus
127,PU,19,Male,4th year,Computer Science,Undergraduate,Off-Campus
128,FAST,21,Male,1st year,Data Science,Undergraduate,Off-Campus
129,PU,19,Male,4th year,Information Technology,Undergraduate,Off-Campus
130,UET,21,Female,3rd year,Data Science,Undergraduate,Off-Campus
131,PU,20,Female,3rd year,Computer Science,Undergraduate,Off-Campus
132,FAST,26,Male,3rd year,Computer Science,Undergraduate,Off-Campus
133,COMSATS,17,Male,4th year,Software Engineering,Undergraduate,Off-Campus
134,KUST,22,Female,1st year,Computer Science,Undergraduate,Off-Campus
135,PU,20,Male,4th year,Data Science,Undergraduate,Off-Campus
136,PU,19,Female,3rd year,Computer Science,Undergraduate,Off-Campus
137,PU,20,Male,3rd year,Computer Science,Undergraduate,Off-Campus
138,PU,17,Male,3rd year,Data Science,Undergraduate,On-Campus
139,PU,19,Male,3rd year,Computer Science,Undergraduate,Off-Campus
140,PU,20,Male,3rd year,Data Science,Undergraduate,Off-Campus
141,UET,21,Male,2nd year,Data Science,Undergraduate,Off-Campus
142,PU,19,Female,4th year,Data Science,Undergraduate,Off-Campus
143,PU,20,Male,1st year,Computer Science,Undergraduate,Off-Campus
144,COMSATS,20,Male,1st year,Data Science,Undergraduate,Off-Campus
145,PU,19,Male,1st year,Computer Science,Undergraduate,Off-Campus
146,PU,21,Male,2nd year,Computer Science,Undergraduate,Off-Campus
147,PU,18,Male,1st year,Information Technology,Undergraduate,Off-Campus
148,PU,18,Male,3rd year,Information Technology,Undergraduate,Off-Campus
149,PU,21,Female,2nd year,Computer Science,Undergraduate,Off-Campus
150,FAST,21,Male,3rd year,Data Science,Undergraduate,On-Campus
151,PU,20,Male,3rd year,Data Science,Undergraduate,Off-Campus
152,PU,18,Female,2nd year,Computer Science,Undergraduate,On-Campus
153,PU,23,Male,1st year,Data Science,Postgraduate,Off-Campus
154,PU,20,Male,2nd year,Computer Science,Undergraduate,Off-Campus
155,PU,19,Male,2nd year,Computer Science,Undergraduate,Off-Campus
156,PU,20,Female,1st year,Computer Science,Undergraduate,Off-Campus
157,PU,20,Male,1st year,Computer Science,Undergraduate,Off-Campus
158,COMSATS,19,Female,1st year,Computer Science,Undergraduate,Off-Campus
159,COMSATS,21,Male,3rd year,Computer Science,Undergraduate,Off-Campus
160,COMSATS,20,Female,3rd year,Computer Science,Undergraduate,On-Campus
161,PU,20,Male,3rd year,Data Science,Undergraduate,On-Campus
162,UET,17,Male,1st year,Computer Science,Undergraduate,Off-Campus
163,PU,21,Male,3rd year,Data Science,Undergraduate,Off-Campus
164,PU,20,Male,3rd year,Information Technology,Undergraduate,Off-Campus
165,PU,21,Male,3rd year,Information Technology,Undergraduate,Off-Campus
166,PU,20,Male,3rd year,Computer Science,Undergraduate,Off-Campus
167,PU,21,Male,1st year,Software Engineering,Undergraduate,Off-Campus
168,PU,20,Male,4th year,Data Science,Undergraduate,Off-Campus
169,PU,20,Female,2nd year,Computer Science,Undergraduate,Off-Campus
170,PU,22,Male,3rd year,Computer Science,Undergraduate,Off-Campus
171,UET,18,Male,3rd year,Computer Science,Undergraduate,Off-Campus
172,FAST,21,Male,2nd year,Computer Science,Undergraduate,On-Campus
173,PU,20,Male,3rd year,Computer Science,Undergraduate,On-Campus
174,VU,20,Male,2nd year,Computer Science,Undergraduate,Off-Campus
175,PU,22,Male,3rd year,Computer Science,Undergraduate,Off-Campus
176,PU,20,Female,2nd year,Computer Science,Undergraduate,Off-Campus
177,PU,20,Male,1st year,Computer Science,Undergraduate,On-Campus
178,FAST,20,Male,3rd year,Computer Science,Undergraduate,Off-Campus
179,PU,18,Male,2nd year,Data Science,Undergraduate,Off-Campus
180,UET,20,Male,1st year,Data Science,Undergraduate,Off-Campus
181,PU,20,Male,2nd year,Computer Science,Undergraduate,Off-Campus
182,PU,18,Male,2nd year,Information Technology,Undergraduate,Off-Campus
183,PU,18,Male,4th year,Data Science,Undergraduate,Off-Campus
184,UET,20,Male,1st year,Data Science,Undergraduate,On-Campus
185,PU,20,Male,3rd year,Information Technology,Undergraduate,On-Campus
186,PU,21,Female,1st year,Data Science,Undergraduate,Off-Campus
187,PU,18,Male,1st year,Data Science,Undergraduate,Off-Campus
188,PU,18,Male,2nd year,Computer Science,Undergraduate,On-Campus
189,PU,18,Male,3rd year,Information Technology,Undergraduate,Off-Campus
190,UMT,20,Female,1st year,Computer Science,Undergraduate,Off-Campus
191,FAST,21,Male,1st year,Data Science,Undergraduate,Off-Campus
192,PU,22,Male,3rd year,Software Engineering,Undergraduate,Off-Campus
193,PU,20,Male,1st year,Data Science,Undergraduate,Off-Campus
194,PU,20,Male,1st year,Data Science,Undergraduate,Off-Campus
195,COMSATS,20,Male,4th year,Data Science,Undergraduate,Off-Campus
196,UET,21,Male,3rd year,Computer Science,Undergraduate,Off-Campus
197,KUST,19,Male,4th year,Data Science,Undergraduate,On-Campus
198,PU,20,Male,4th year,Computer Science,Undergraduate,Off-Campus
199,KUST,19,Female,3rd year,Computer Science,Undergraduate,Off-Campus
200,PU,21,Male,2nd year,Data Science,Undergraduate,Off-Campus
201,UET,18,Male,1st year,Information Technology,Undergraduate,Off-Campus
202,COMSATS,20,Male,2nd year,Computer Science,Undergraduate,Off-Campus
203,PU,20,Male,1st year,Computer Science,Undergraduate,Off-Campus
204,PU,20,Male,2nd year,Data Science,Undergraduate,Off-Campus
205,VU,20,Female,2nd year,Computer Science,Undergraduate,Off-Campus
206,PU,20,Male,2nd year,Computer Science,Undergraduate,On-Campus
207,UET,17,Male,2nd year,Data Science,Undergraduate,Off-Campus
208,UET,20,Male,3rd year,Information Technology,Undergraduate,Off-Campus
209,PU,20,Male,1st year,Computer Science,Undergraduate,Off-Campus
210,UET,20,Male,3rd year,Computer Science,Undergraduate,On-Campus
211,PU,19,Male,3rd year,Data Science,Undergraduate,Off-Campus
212,NUST,26,Male,1st year,Computer Science,Undergraduate,Off-Campus
213,PU,21,Male,2nd year,Computer Science,Undergraduate,Off-Campus
214,PU,21,Female,3rd year,Software Engineering,Undergraduate,Off-Campus
215,PU,23,Male,2nd year,Computer Science,Undergraduate,Off-Campus
216,COMSATS,22,Male,3rd year,Data Science,Undergraduate,Off-Campus
217,PU,19,Female,2nd year,Data Science,Undergraduate,Off-Campus
218,UET,18,Male,2nd year,Data Science,Undergraduate,Off-Campus
219,FAST,20,Male,1st year,Data Science,Undergraduate,Off-Campus
220,PU,20,Male,1st year,Computer Science,Undergraduate,Off-Campus
221,PU,21,Female,3rd year,Computer Science,Undergraduate,Off-Campus
222,COMSATS,20,Female,4th year,Computer Science,Undergraduate,Off-Campus
223,UET,18,Male,2nd year,Computer Science,Undergraduate,On-Campus
224,FAST,20,Female,2nd year,Data Science,Undergraduate,Off-Campus
225,COMSATS,20,Male,2nd year,Software Engineering,Undergraduate,Off-Campus
226,UET,21,Male,3rd year,Computer Science,Undergraduate,Off-Campus
227,PU,22,Male,1st year,Computer Science,Undergraduate,Off-Campus
228,PU,19,Male,2nd year,Data Science,Undergraduate,Off-Campus
229,COMSATS,20,Female,4th year,Computer Science,Undergraduate,Off-Campus
230,FAST,20,Male,3rd year,Computer Science,Undergraduate,On-Campus
231,PU,19,Female,1st year,Computer Science,Undergraduate,Off-Campus
232,PU,20,Male,3rd year,Information Technology,Undergraduate,Off-Campus
233,PU,19,Male,3rd year,Data Science,Undergraduate,On-Campus
234,PU,20,Male,2nd year,Computer Science,Undergraduate,Off-Campus
235,UET,20,Female,3rd year,Computer Science,Undergraduate,Off-Campus
236,FAST,20,Female,3rd year,Computer Science,Undergraduate,Off-Campus
237,KUST,20,Male,3rd year,Data Science,Undergraduate,Off-Campus
238,PU,21,Male,3rd year,Data Science,Undergraduate,Off-Campus
239,UET,18,Male,3rd year,Computer Science,Undergraduate,On-Campus
240,PU,20,Female,1st year,Computer Science,Undergraduate,Off-Campus
241,PU,20,Male,3rd year,Software Engineering,Undergraduate,On-Campus
242,PU,19,Male,4th year,Computer Science,Undergraduate,Off-Campus
243,PU,20,Female,2nd year,Computer Science,Undergraduate,Off-Campus
244,UET,21,Male,4th year,Computer Science,Undergraduate,Off-Campus
245,PU,23,Female,1st year,Data Science,Undergraduate,Off-Campus
246,COMSATS,20,Male,3rd year,Computer Science,Undergraduate,Off-Campus
247,UET,20,Male,2nd year,Data Science,Undergraduate,Off-Campus
248,PU,19,Female,4th year,Data Science,Postgraduate,Off-Campus
249,PU,20,Female,2nd year,Computer Science,Undergraduate,Off-Campus
250,PU,18,Male,3rd year,Data Science,Undergraduate,Off-Campus
251,UET,20,Male,1st year,Computer Science,Undergraduate,Off-Campus
252,UET,19,Male,3rd year,Computer Science,Undergraduate,Off-Campus
253,PU,20,Male,1st year,Computer Science,Undergraduate,Off-Campus
254,UMT,18,Male,1st year,Data Science,Undergraduate,On-Campus
255,UET,19,Female,3rd year,Computer Science,Postgraduate,Off-Campus
256,PU,21,Male,1st year,Computer Science,Undergraduate,Off-Campus
257,NUST,18,Male,3rd year,Computer Science,Undergraduate,Off-Campus
258,COMSATS,20,Female,3rd year,Computer Science,Undergraduate,Off-Campus
259,PU,18,Male,3rd year,Computer Science,Undergraduate,Off-Campus
260,PU,20,Male,1st year,Software Engineering,Undergraduate,Off-Campus
261,UET,20,Male,1st year,Computer Science,Undergraduate,On-Campus
262,FAST,17,Male,1st year,Computer Science,Postgraduate,Off-Campus
263,PU,20,Male,1st year,Computer Science,Undergraduate,Off-Campus
264,KUST,20,Male,1st year,Computer Science,Undergraduate,On-Campus
265,FAST,20,Female,3rd year,Computer Science,Undergraduate,Off-Campus
266,COMSATS,22,Male,1st year,Data Science,Undergraduate,Off-Campus
267,PU,20,Female,1st year,Computer Science,Undergraduate,On-Campus
268,COMSATS,20,Male,1st year,Computer Science,Undergraduate,Off-Campus
269,COMSATS,18,Male,1st year,Computer Science,Undergraduate,On-Campus
270,PU,20,Male,3rd year,Computer Science,Undergraduate,Off-Campus
271,COMSATS,20,Male,1st year,Data Science,Undergraduate,Off-Campus
272,PU,20,Male,1st year,Computer Science,Undergraduate,Off-Campus
273,NUST,22,Male,2nd year,Computer Science,Undergraduate,Off-Campus
274,PU,20,Male,3rd year,Computer Science,Undergraduate,Off-Campus
275,PU,18,Female,3rd year,Computer Science,Undergraduate,Off-Campus
276,PU,19,Male,1st year,Data Science,Undergraduate,Off-Campus
277,UOL,20,Female,3rd year,Information Technology,Undergraduate,On-Campus
278,COMSATS,22,Male,1st year,Computer Science,Undergraduate,Off-Campus
279,PU,19,Male,2nd year,Computer Science,Undergraduate,Off-Campus
280,PU,22,Male,1st year,Data Science,Undergraduate,On-Campus
281,COMSATS,20,Male,3rd year,Computer Science,Undergraduate,Off-Campus
282,PU,18,Male,3rd year,Data Science,Undergraduate,Off-Campus
283,COMSATS,20,Male,3rd year,Computer Science,Undergraduate,On-Campus
284,PU,20,Male,4th year,Information Technology,Undergraduate,Off-Campus
285,PU,18,Male,3rd year,Data Science,Undergraduate,Off-Campus
286,NUST,18,Male,3rd year,Computer Science,Undergraduate,On-Campus
287,FAST,19,Female,4th year,Computer Science,Undergraduate,Off-Campus
288,PU,19,Male,3rd year,Data Science,Undergraduate,Off-Campus
289,PU,20,Female,3rd year,Computer Science,Undergraduate,On-Campus
290,PU,18,Male,1st year,Data Science,Undergraduate,Off-Campus
291,PU,20,Male,4th year,Data Science,Undergraduate,On-Campus
292,UET,26,Male,4th year,Computer Science,Undergraduate,On-Campus
293,PU,18,Female,1st year,Data Science,Undergraduate,On-Campus
294,PU,20,Male,3rd year,Computer Science,Undergraduate,Off-Campus
295,PU,21,Male,3rd year,Data Science,Undergraduate,Off-Campus
296,PU,21,Male,3rd year,Data Science,Undergraduate,Off-Campus
297,PU,22,Male,3rd year,Data Science,Undergraduate,On-Campus
298,PU,20,Female,3rd year,Computer Science,Undergraduate,Off-Campus
299,COMSATS,26,Female,1st year,Computer Science,Undergraduate,Off-Campus
300,COMSATS,20,Male,1st year,Computer Science,Undergraduate,Off-Campus
301,PU,21,Female,1st year,Computer Science,Undergraduate,Off-Campus
302,PU,20,Female,1st year,Data Science,Undergraduate,Off-Campus
303,PU,18,Male,2nd year,Data Science,Undergraduate,Off-Campus
304,PU,20,Male,3rd year,Computer Science,Undergraduate,Off-Campus
305,PU,17,Male,3rd year,Data Science,Undergraduate,On-Campus
306,UET,20,Male,4th year,Computer Science,Undergraduate,Off-Campus
307,PU,20,Male,1st year,Data Science,Undergraduate,Off-Campus
308,PU,20,Male,1st year,Computer Science,Undergraduate,Off-Campus
309,PU,22,Male,4th year,Computer Science,Undergraduate,Off-Campus
310,PU,19,Male,2nd year,Data Science,Undergraduate,Off-Campus
311,UET,23,Male,1st year,Computer Science,Undergraduate,Off-Campus
312,PU,19,Female,1st year,Data Science,Undergraduate,Off-Campus
313,PU,20,Female,1st year,Computer Science,Undergraduate,Off-Campus
314,PU,22,Male,1st year,Computer Science,Undergraduate,Off-Campus
315,UET,21,Male,2nd year,Computer Science,Undergraduate,On-Campus
316,PU,20,Male,4th year,Computer Science,Undergraduate,Off-Campus
317,PU,20,Male,1st year,Software Engineering,Undergraduate,Off-Campus
318,NUST,19,Male,4th year,Data Science,Undergraduate,Off-Campus
319,FAST,20,Male,4th year,Computer Science,Undergraduate,Off-Campus
320,PU,22,Female,3rd year,Computer Science,Postgraduate,Off-Campus
321,UET,20,Male,2nd year,Data Science,Undergraduate,Off-Campus
322,PU,20,Male,2nd year,Data Science,Undergraduate,Off-Campus
323,KUST,20,Male,4th year,Computer Science,Undergraduate,Off-Campus
324,PU,21,Female,3rd year,Computer Science,Undergraduate,Off-Campus
325,PU,20,Female,3rd year,Data Science,Postgraduate,Off-Campus
326,COMSATS,20,Male,3rd year,Computer Science,Undergraduate,On-Campus
327,PU,20,Male,4th year,Data Science,Undergraduate,Off-Campus
328,COMSATS,19,Female,3rd year,Computer Science,Undergraduate,Off-Campus
329,PU,20,Female,2nd year,Software Engineering,Undergraduate,Off-Campus
330,COMSATS,20,Female,3rd year,Computer Science,Undergraduate,Off-Campus
331,FAST,20,Male,1st year,Data Science,Undergraduate,Off-Campus
332,PU,19,Female,3rd year,Computer Science,Undergraduate,Off-Campus
333,PU,20,Male,4th year,Computer Science,Undergraduate,Off-Campus
334,FAST,19,Male,1st year,Computer Science,Undergraduate,Off-Campus
335,UMT,20,Male,3rd year,Data Science,Undergraduate,On-Campus
336,UMT,22,Male,1st year,Computer Science,Undergraduate,On-Campus
337,PU,20,Male,3rd year,Data Science,Undergraduate,On-Campus
338,FAST,21,Male,2nd year,Information Technology,Undergraduate,Off-Campus
339,FAST,22,Male,1st year,Data Science,Undergraduate,Off-Campus
340,PU,20,Male,2nd year,Data Science,Postgraduate,Off-Campus
341,PU,22,Male,3rd year,Computer Science,Undergraduate,On-Campus
342,PU,21,Male,3rd year,Information Technology,Undergraduate,On-Campus
343,PU,20,Male,2nd year,Computer Science,Undergraduate,Off-Campus
344,PU,20,Male,3rd year,Computer Science,Undergraduate,Off-Campus
345,PU,20,Female,3rd year,Computer Science,Undergraduate,On-Campus
346,PU,20,Male,1st year,Computer Science,Undergraduate,Off-Campus
347,NUST,20,Male,2nd year,Computer Science,Undergraduate,Off-Campus
348,PU,20,Male,4th year,Data Science,Undergraduate,Off-Campus
349,PU,20,Male,1st year,Data Science,Undergraduate,Off-Campus
350,PU,20,Male,2nd year,Computer Science,Undergraduate,Off-Campus
351,PU,20,Male,4th year,Software Engineering,Postgraduate,Off-Campus
352,PU,20,Female,2nd year,Data Science,Undergraduate,Off-Campus
353,PU,20,Male,1st year,Data Science,Undergraduate,Off-Campus
354,PU,23,Male,3rd year,Data Science,Undergraduate,Off-Campus
355,UOL,20,Male,3rd year,Computer Science,Postgraduate,Off-Campus
356,PU,21,Male,1st year,Information Technology,Undergraduate,Off-Campus
357,PU,20,Male,2nd year,Software Engineering,Undergraduate,On-Campus
358,PU,21,Male,3rd year,Computer Science,Undergraduate,On-Campus
359,COMSATS,20,Male,2nd year,Data Science,Undergraduate,On-Campus
360,PU,19,Male,1st year,Computer Science,Undergraduate,Off-Campus
361,PU,18,Male,3rd year,Software Engineering,Undergraduate,On-Campus
362,PU,19,Male,3rd year,Data Science,Undergraduate,Off-Campus
363,PU,23,Male,1st year,Information Technology,Undergraduate,Off-Campus
364,FAST,20,Male,2nd year,Computer Science,Undergraduate,On-Campus
365,UET,20,Male,3rd year,Data Science,Undergraduate,Off-Campus
366,VU,19,Male,1st year,Computer Science,Undergraduate,Off-Campus
367,PU,21,Male,1st year,Computer Science,Undergraduate,Off-Campus
368,UET,20,Male,1st year,Computer Science,Undergraduate,Off-Campus
369,PU,20,Male,1st year,Computer Science,Undergraduate,Off-Campus
370,COMSATS,21,Female,1st year,Data Science,Undergraduate,Off-Campus
371,PU,20,Male,2nd year,Computer Science,Undergraduate,Off-Campus
372,PU,18,Male,3rd year,Information Technology,Undergraduate,Off-Campus
373,PU,20,Female,1st year,Computer Science,Undergraduate,Off-Campus
374,UET,21,Female,1st year,Computer Science,Postgraduate,On-Campus
375,PU,21,Male,2nd year,Computer Science,Undergraduate,Off-Campus
376,PU,20,Male,4th year,Computer Science,Undergraduate,Off-Campus
377,PU,20,Male,2nd year,Computer Science,Undergraduate,Off-Campus
378,PU,22,Male,1st year,Data Science,Undergraduate,On-Campus
379,PU,20,Male,4th year,Information Technology,Undergraduate,On-Campus
380,PU,21,Male,3rd year,Computer Science,Undergraduate,On-Campus
381,PU,20,Female,1st year,Data Science,Undergraduate,Off-Campus
382,PU,20,Male,1st year,Computer Science,Undergraduate,Off-Campus
383,PU,20,Male,1st year,Computer Science,Undergraduate,Off-Campus
384,PU,21,Female,1st year,Computer Science,Undergraduate,Off-Campus
385,PU,20,Male,1st year,Computer Science,Undergraduate,Off-Campus
386,COMSATS,20,Male,4th year,Data Science,Undergraduate,Off-Campus
387,PU,18,Male,1st year,Computer Science,Undergraduate,Off-Campus
388,COMSATS,21,Male,3rd year,Software Engineering,Undergraduate,Off-Campus
389,PU,20,Male,1st year,Computer Science,Undergraduate,Off-Campus
390,PU,20,Female,3rd year,Data Science,Undergraduate,Off-Campus
391,PU,22,Male,3rd year,Computer Science,Undergraduate,Off-Campus
392,PU,23,Male,4th year,Data Science,Undergraduate,Off-Campus
393,FAST,20,Male,3rd year,Computer Science,Undergraduate,Off-Campus
394,PU,21,Female,4th year,Data Science,Undergraduate,Off-Campus
395,PU,19,Male,4th year,Data Science,Undergraduate,Off-Campus
396,PU,20,Male,3rd year,Computer Science,Postgraduate,On-Campus
397,PU,20,Male,1st year,Data Science,Undergraduate,Off-Campus
398,COMSATS,20,Male,3rd year,Data Science,Undergraduate,Off-Campus
399,PU,19,Male,1st year,Computer Science,Undergraduate,Off-Campus
400,FAST,22,Male,1st year,Computer Science,Undergraduate,Off-Campus
401,PU,19,Male,1st year,Computer Science,Undergraduate,Off-Campus
402,PU,20,Female,1st year,Data Science,Undergraduate,Off-Campus
403,FAST,20,Male,1st year,Data Science,Undergraduate,Off-Campus
404,PU,18,Female,1st year,Data Science,Undergraduate,Off-Campus
405,PU,20,Male,3rd year,Data Science,Undergraduate,Off-Campus
406,COMSATS,20,Male,1st year,Information Technology,Undergraduate,Off-Campus
407,COMSATS,20,Male,3rd year,Computer Science,Undergraduate,On-Campus
408,PU,23,Female,3rd year,Software Engineering,Undergraduate,Off-Campus
409,COMSATS,21,Male,1st year,Computer Science,Undergraduate,Off-Campus
410,PU,20,Female,4th year,Information Technology,Undergraduate,Off-Campus
411,PU,20,Male,3rd year,Computer Science,Undergraduate,Off-Campus
412,UMT,20,Male,2nd year,Information Technology,Undergraduate,Off-Campus
413,PU,22,Female,2nd year,Information Technology,Undergraduate,Off-Campus
414,UMT,20,Male,1st year,Information Technology,Undergraduate,Off-Campus
415,UET,22,Male,3rd year,Computer Science,Undergraduate,Off-Campus
416,UET,22,Male,3rd year,Data Science,Undergraduate,Off-Campus
417,PU,20,Male,1st year,Computer Science,Undergraduate,Off-Campus
418,PU,19,Male,1st year,Computer Science,Undergraduate,On-Campus
419,PU,20,Male,3rd year,Data Science,Undergraduate,Off-Campus
420,PU,17,Male,1st year,Data Science,Undergraduate,Off-Campus
421,PU,20,Male,2nd year,Computer Science,Undergraduate,Off-Campus
422,PU,19,Female,1st year,Computer Science,Undergraduate,Off-Campus
423,UET,20,Male,1st year,Computer Science,Undergraduate,Off-Campus
424,PU,21,Male,3rd year,Computer Science,Undergraduate,Off-Campus
425,VU,20,Male,3rd year,Computer Science,Undergraduate,On-Campus
426,PU,26,Male,4th year,Computer Science,Undergraduate,On-Campus
427,PU,19,Male,2nd year,Data Science,Undergraduate,Off-Campus
428,PU,20,Male,2nd year,Computer Science,Undergraduate,Off-Campus
429,PU,19,Male,1st year,Data Science,Undergraduate,On-Campus
430,PU,20,Male,4th year,Data Science,Undergraduate,Off-Campus
431,NUST,20,Male,3rd year,Computer Science,Undergraduate,On-Campus
432,PU,18,Male,1st year,Computer Science,Undergraduate,Off-Campus
433,PU,20,Male,1st year,Computer Science,Undergraduate,Off-Campus
434,FAST,19,Female,1st year,Data Science,Undergraduate,Off-Campus
435,PU,20,Female,3rd year,Data Science,Undergraduate,On-Campus
436,COMSATS,20,Male,1st year,Data Science,Undergraduate,Off-Campus
437,UMT,19,Female,3rd year,Information Technology,Undergraduate,On-Campus
438,PU,20,Male,3rd year,Data Science,Undergraduate,Off-Campus
439,PU,18,Male,3rd year,Computer Science,Undergraduate,Off-Campus
440,PU,18,Male,1st year,Computer Science,Undergraduate,On-Campus
441,PU,22,Male,1st year,Information Technology,Undergraduate,Off-Campus
442,PU,20,Male,3rd year,Information Technology,Postgraduate,Off-Campus
443,PU,19,Male,3rd year,Software Engineering,Undergraduate,Off-Campus
444,PU,20,Male,4th year,Data Science,Undergraduate,Off-Campus
445,PU,22,Male,2nd year,Data Science,Undergraduate,Off-Campus
446,PU,21,Male,4th year,Software Engineering,Postgraduate,Off-Campus
447,PU,22,Female,3rd year,Computer Science,Undergraduate,Off-Campus
448,COMSATS,26,Female,3rd year,Data Science,Undergraduate,Off-Campus
449,PU,18,Male,4th year,Computer Science,Undergraduate,Off-Campus
450,PU,22,Female,1st year,Computer Science,Undergraduate,Off-Campus
451,FAST,17,Male,3rd year,Data Science,Undergraduate,On-Campus
452,UET,26,Male,2nd year,Data Science,Undergraduate,Off-Campus
453,PU,17,Male,3rd year,Data Science,Undergraduate,Off-Campus
454,PU,20,Female,1st year,Data Science,Undergraduate,Off-Campus
455,PU,19,Male,3rd year,Computer Science,Undergraduate,Off-Campus
456,PU,20,Female,3rd year,Data Science,Undergraduate,Off-Campus
457,PU,19,Male,3rd year,Data Science,Undergraduate,On-Campus
458,PU,20,Male,4th year,Data Science,Undergraduate,Off-Campus
459,COMSATS,20,Male,1st year,Data Science,Undergraduate,Off-Campus
460,PU,20,Male,2nd year,Data Science,Undergraduate,On-Campus
461,PU,20,Male,2nd year,Computer Science,Undergraduate,Off-Campus
462,COMSATS,23,Male,1st year,Computer Science,Undergraduate,On-Campus
463,PU,22,Male,1st year,Computer Science,Undergraduate,Off-Campus
464,COMSATS,20,Male,1st year,Data Science,Undergraduate,Off-Campus
465,PU,17,Male,3rd year,Data Science,Undergraduate,Off-Campus
466,PU,19,Male,3rd year,Computer Science,Undergraduate,Off-Campus
467,PU,20,Male,1st year,Data Science,Postgraduate,On-Campus
468,PU,21,Male,4th year,Data Science,Undergraduate,Off-Campus
469,KUST,21,Male,2nd year,Computer Science,Postgraduate,Off-Campus
470,PU,20,Male,4th year,Information Technology,Undergraduate,Off-Campus
471,UET,19,Male,1st year,Computer Science,Undergraduate,Off-Campus
472,PU,20,Male,1st year,Computer Science,Undergraduate,Off-Campus
473,PU,22,Male,1st year,Computer Science,Undergraduate,Off-Campus
474,FAST,20,Male,1st year,Computer Science,Undergraduate,Off-Campus
475,PU,20,Male,3rd year,Computer Science,Undergraduate,Off-Campus
476,NUST,20,Male,3rd year,Computer Science,Undergraduate,Off-Campus
477,PU,22,Male,4th year,Data Science,Undergraduate,On-Campus
478,PU,22,Male,3rd year,Computer Science,Undergraduate,Off-Campus
479,PU,20,Female,2nd year,Data Science,Undergraduate,Off-Campus
480,PU,17,Male,3rd year,Computer Science,Undergraduate,Off-Campus
481,PU,20,Male,2nd year,Computer Science,Undergraduate,Off-Campus
482,PU,23,Male,3rd year,Computer Science,Undergraduate,Off-Campus
483,PU,21,Male,3rd year,Data Science,Undergraduate,Off-Campus
484,COMSATS,18,Male,4th year,Data Science,Undergraduate,On-Campus
485,PU,20,Male,1st year,Data Science,Undergraduate,Off-Campus
486,PU,21,Male,4th year,Computer Science,Undergraduate,Off-Campus
487,UMT,19,Male,3rd year,Computer Science,Undergraduate,Off-Campus
488,UET,22,Male,1st year,Computer Science,Undergraduate,On-Campus
489,COMSATS,19,Male,3rd year,Computer Science,Undergraduate,On-Campus
490,PU,20,Male,3rd year,Data Science,Undergraduate,Off-Campus
491,VU,20,Male,1st year,Data Science,Undergraduate,Off-Campus
492,PU,21,Male,2nd year,Data Science,Undergraduate,On-Campus
493,FAST,23,Female,3rd year,Computer Science,Undergraduate,Off-Campus
494,PU,20,Male,2nd year,Information Technology,Undergraduate,Off-Campus
495,PU,23,Male,2nd year,Computer Science,Undergraduate,Off-Campus
496,PU,20,Male,2nd year,Information Technology,Undergraduate,Off-Campus
497,VU,21,Female,3rd year,Computer Science,Undergraduate,Off-Campus
498,PU,19,Female,3rd year,Computer Science,Undergraduate,On-Campus
499,FAST,21,Male,1st year,Computer Science,Undergraduate,Off-Campus
500,COMSATS,20,Male,1st year,Computer Science,Undergraduate,Off-Campus
501,UET,18,Male,1st year,Data Science,Undergraduate,Off-Campus
502,UOL,21,Male,1st year,Data Science,Undergraduate,Off-Campus
503,PU,19,Male,4th year,Data Science,Undergraduate,Off-Campus
504,VU,18,Male,3rd year,Computer Science,Undergraduate,Off-Campus
505,UET,17,Male,2nd year,Computer Science,Undergraduate,Off-Campus
506,PU,20,Male,1st year,Computer Science,Undergraduate,Off-Campus
507,VU,20,Male,1st year,Computer Science,Undergraduate,On-Campus
508,UET,19,Female,1st year,Computer Science,Undergraduate,On-Campus
509,UET,20,Male,2nd year,Data Science,Undergraduate,On-Campus
510,PU,21,Female,2nd year,Data Science,Undergraduate,On-Campus
511,PU,20,Male,1st year,Computer Science,Undergraduate,Off-Campus
512,PU,20,Male,3rd year,Computer Science,Postgraduate,Off-Campus
513,FAST,20,Female,3rd year,Computer Science,Undergraduate,On-Campus
514,PU,20,Male,3rd year,Data Science,Undergraduate,Off-Campus
515,PU,21,Female,4th year,Data Science,Undergraduate,On-Campus
516,PU,18,Male,3rd year,Software Engineering,Undergraduate,Off-Campus
517,PU,18,Female,3rd year,Computer Science,Undergraduate,Off-Campus
518,PU,17,Female,1st year,Computer Science,Undergraduate,Off-Campus
519,PU,23,Male,2nd year,Information Technology,Undergraduate,Off-Campus
520,PU,20,Female,3rd year,Computer Science,Undergraduate,On-Campus
521,PU,20,Female,2nd year,Computer Science,Undergraduate,On-Campus
522,PU,20,Male,3rd year,Computer Science,Undergraduate,Off-Campus
523,UET,20,Male,3rd year,Data Science,Undergraduate,On-Campus
524,PU,21,Male,3rd year,Computer Science,Undergraduate,Off-Campus
525,VU,20,Male,4th year,Computer Science,Undergraduate,Off-Campus
526,PU,19,Male,2nd year,Computer Science,Undergraduate,Off-Campus
527,PU,19,Male,3rd year,Computer Science,Undergraduate,Off-Campus
528,COMSATS,18,Male,2nd year,Data Science,Undergraduate,Off-Campus
529,PU,20,Male,1st year,Software Engineering,Undergraduate,Off-Campus
530,PU,18,Male,3rd year,Data Science,Undergraduate,Off-Campus
531,PU,19,Female,1st year,Computer Science,Undergraduate,Off-Campus
532,PU,19,Male,3rd year,Computer Science,Undergraduate,Off-Campus
533,PU,18,Male,3rd year,Data Science,Undergraduate,Off-Campus
534,PU,18,Male,2nd year,Data Science,Undergraduate,Off-Campus
535,KUST,22,Female,1st year,Computer Science,Undergraduate,Off-Campus
536,UET,20,Male,3rd year,Computer Science,Undergraduate,Off-Campus
537,COMSATS,19,Male,1st year,Software Engineering,Undergraduate,Off-Campus
538,PU,20,Male,3rd year,Data Science,Undergraduate,Off-Campus
539,PU,20,Male,3rd year,Data Science,Undergraduate,On-Campus
540,PU,19,Male,3rd year,Data Science,Undergraduate,Off-Campus
541,UET,20,Male,3rd year,Software Engineering,Undergraduate,Off-Campus
542,PU,20,Female,1st year,Computer Science,Undergraduate,Off-Campus
543,FAST,22,Male,3rd year,Computer Science,Undergraduate,On-Campus
544,UET,22,Male,1st year,Computer Science,Undergraduate,Off-Campus
545,PU,21,Male,1st year,Computer Science,Undergraduate,Off-Campus
546,UET,20,Male,3rd year,Data Science,Undergraduate,Off-Campus
547,PU,19,Male,1st year,Information Technology,Undergraduate,Off-Campus
548,UET,22,Male,2nd year,Computer Science,Postgraduate,Off-Campus
549,PU,21,Male,3rd year,Computer Science,Undergraduate,Off-Campus
550,PU,19,Male,1st year,Data Science,Undergraduate,On-Campus
551,PU,20,Male,3rd year,Information Technology,Undergraduate,Off-Campus
552,COMSATS,20,Male,3rd year,Information Technology,Undergraduate,On-Campus
553,UET,19,Male,3rd year,Computer Science,Undergraduate,On-Campus
554,PU,21,Male,1st year,Data Science,Undergraduate,Off-Campus
555,PU,20,Male,4th year,Data Science,Undergraduate,Off-Campus
556,PU,22,Male,4th year,Data Science,Undergraduate,On-Campus
557,PU,22,Male,3rd year,Software Engineering,Postgraduate,Off-Campus
558,COMSATS,19,Male,1st year,Data Science,Undergraduate,Off-Campus
559,KUST,19,Male,4th year,Data Science,Undergraduate,Off-Campus
560,PU,20,Female,1st year,Computer Science,Undergraduate,Off-Campus
561,PU,18,Male,4th year,Computer Science,Undergraduate,On-Campus
562,FAST,20,Male,3rd year,Software Engineering,Postgraduate,Off-Campus
563,PU,22,Male,3rd year,Computer Science,Undergraduate,Off-Campus
564,PU,19,Male,1st year,Computer Science,Undergraduate,Off-Campus
565,COMSATS,20,Male,1st year,Software Engineering,Postgraduate,Off-Campus
566,PU,20,Male,1st year,Computer Science,Undergraduate,Off-Campus
567,PU,20,Male,4th year,Data Science,Undergraduate,Off-Campus
568,PU,20,Male,2nd year,Data Science,Undergraduate,On-Campus
569,PU,22,Male,1st year,Data Science,Undergraduate,Off-Campus
570,PU,20,Female,1st year,Computer Science,Undergraduate,Off-Campus
571,PU,20,Male,2nd year,Computer Science,Undergraduate,Off-Campus
572,KUST,22,Female,3rd year,Information Technology,Undergraduate,Off-Campus
573,FAST,21,Female,1st year,Computer Science,Undergraduate,Off-Campus
574,PU,19,Female,3rd year,Computer Science,Undergraduate,Off-Campus
575,PU,21,Male,3rd year,Computer Science,Undergraduate,On-Campus
576,PU,20,Male,3rd year,Computer Science,Undergraduate,Off-Campus
577,PU,18,Male,3rd year,Data Science,Undergraduate,Off-Campus
578,PU,20,Male,3rd year,Computer Science,Undergraduate,Off-Campus
579,PU,19,Male,3rd year,Information Technology,Undergraduate,Off-Campus
580,PU,20,Male,1st year,Data Science,Undergraduate,Off-Campus
581,PU,17,Male,1st year,Data Science,Undergraduate,Off-Campus
582,PU,22,Male,1st year,Data Science,Undergraduate,On-Campus
583,FAST,19,Male,1st year,Data Science,Undergraduate,Off-Campus
584,PU,20,Male,1st year,Data Science,Undergraduate,On-Campus
585,PU,21,Male,3rd year,Computer Science,Undergraduate,On-Campus
586,PU,22,Male,3rd year,Data Science,Undergraduate,On-Campus
587,PU,20,Male,3rd year,Computer Science,Undergraduate,Off-Campus
588,FAST,21,Male,2nd year,Information Technology,Undergraduate,Off-Campus
589,PU,22,Male,3rd year,Computer Science,Undergraduate,On-Campus
590,PU,18,Male,3rd year,Data Science,Undergraduate,Off-Campus
591,PU,20,Male,1st year,Computer Science,Undergraduate,Off-Campus
592,KUST,21,Male,2nd year,Computer Science,Undergraduate,Off-Campus
593,PU,20,Male,2nd year,Computer Science,Undergraduate,Off-Campus
594,UET,18,Female,3rd year,Computer Science,Undergraduate,Off-Campus
595,COMSATS,18,Male,2nd year,Data Science,Undergraduate,Off-Campus
596,UOL,22,Male,2nd year,Computer Science,Undergraduate,Off-Campus
597,PU,22,Male,1st year,Data Science,Undergraduate,Off-Campus
598,PU,20,Male,3rd year,Computer Science,Undergraduate,On-Campus
599,PU,19,Male,1st year,Computer Science,Undergraduate,Off-Campus
600,PU,20,Male,4th year,Computer Science,Undergraduate,On-Campus
601,PU,21,Male,3rd year,Data Science,Undergraduate,Off-Campus
602,PU,20,Female,3rd year,Computer Science,Undergraduate,Off-Campus
603,UET,20,Female,3rd year,Data Science,Undergraduate,On-Campus
604,PU,20,Male,3rd year,Information Technology,Undergraduate,Off-Campus
605,PU,20,Male,3rd year,Computer Science,Undergraduate,Off-Campus
606,FAST,18,Male,2nd year,Computer Science,Undergraduate,Off-Campus
607,PU,23,Female,1st year,Computer Science,Undergraduate,On-Campus
608,COMSATS,20,Male,3rd year,Computer Science,Undergraduate,Off-Campus
609,PU,18,Female,3rd year,Data Science,Undergraduate,Off-Campus
610,PU,18,Male,4th year,Computer Science,Undergraduate,Off-Campus
611,PU,19,Female,4th year,Computer Science,Undergraduate,On-Campus
612,PU,19,Female,1st year,Information Technology,Undergraduate,Off-Campus
613,PU,20,Male,3rd year,Data Science,Undergraduate,On-Campus
614,PU,18,Male,4th year,Computer Science,Undergraduate,Off-Campus
615,COMSATS,20,Male,3rd year,Data Science,Undergraduate,Off-Campus
616,PU,20,Male,3rd year,Computer Science,Undergraduate,Off-Campus
617,COMSATS,20,Male,1st year,Computer Science,Undergraduate,Off-Campus
618,KUST,18,Male,1st year,Data Science,Undergraduate,On-Campus
619,PU,17,Male,1st year,Information Technology,Undergraduate,Off-Campus
620,UET,19,Male,1st year,Data Science,Undergraduate,Off-Campus
621,PU,21,Male,1st year,Computer Science,Undergraduate,On-Campus
622,COMSATS,18,Male,2nd year,Computer Science,Undergraduate,Off-Campus
623,PU,20,Male,1st year,Data Science,Undergraduate,On-Campus
624,PU,17,Female,1st year,Data Science,Undergraduate,Off-Campus
625,PU,20,Male,4th year,Data Science,Postgraduate,On-Campus
626,PU,20,Male,4th year,Computer Science,Undergraduate,Off-Campus
627,UET,20,Male,1st year,Data Science,Undergraduate,On-Campus
628,PU,20,Male,2nd year,Data Science,Undergraduate,Off-Campus
629,PU,19,Male,3rd year,Information Technology,Undergraduate,Off-Campus
630,UET,20,Male,1st year,Data Science,Undergraduate,Off-Campus
631,VU,21,Male,3rd year,Software Engineering,Undergraduate,Off-Campus
632,PU,20,Male,3rd year,Computer Science,Undergraduate,Off-Campus
633,UET,20,Male,2nd year,Data Science,Undergraduate,Off-Campus
634,COMSATS,19,Male,2nd year,Information Technology,Undergraduate,Off-Campus
635,PU,19,Male,4th year,Information Technology,Undergraduate,Off-Campus
636,PU,20,Male,1st year,Computer Science,Undergraduate,Off-Campus
637,PU,20,Male,1st year,Data Science,Undergraduate,Off-Campus
638,PU,19,Female,2nd year,Data Science,Undergraduate,Off-Campus
639,PU,19,Male,3rd year,Computer Science,Undergraduate,Off-Campus
640,PU,21,Male,3rd year,Information Technology,Undergraduate,Off-Campus
641,PU,21,Female,1st year,Data Science,Undergraduate,Off-Campus
642,PU,20,Male,2nd year,Data Science,Undergraduate,Off-Campus
643,PU,20,Male,2nd year,Data Science,Undergraduate,Off-Campus
644,PU,18,Male,3rd year,Data Science,Undergraduate,Off-Campus
645,COMSATS,19,Female,2nd year,Computer Science,Undergraduate,Off-Campus
646,PU,20,Male,3rd year,Computer Science,Postgraduate,On-Campus
647,PU,20,Male,2nd year,Computer Science,Undergraduate,On-Campus
648,PU,18,Male,3rd year,Data Science,Undergraduate,On-Campus
649,FAST,20,Male,3rd year,Computer Science,Undergraduate,On-Campus
650,PU,19,Female,3rd year,Computer Science,Undergraduate,Off-Campus
651,PU,18,Female,3rd year,Computer Science,Undergraduate,Off-Campus
652,PU,21,Male,1st year,Software Engineering,Undergraduate,Off-Campus
653,PU,26,Female,2nd year,Computer Science,Undergraduate,Off-Campus
654,PU,20,Male,2nd year,Computer Science,Undergraduate,Off-Campus
655,PU,20,Female,1st year,Data Science,Undergraduate,Off-Campus
656,PU,26,Male,4th year,Computer Science,Undergraduate,On-Campus
657,COMSATS,20,Female,3rd year,Computer Science,Undergraduate,On-Campus
658,PU,20,Male,1st year,Computer Science,Undergraduate,Off-Campus
659,PU,20,Male,1st year,Information Technology,Undergraduate,Off-Campus
660,PU,23,Male,3rd year,Computer Science,Undergraduate,Off-Campus
661,PU,20,Male,1st year,Computer Science,Undergraduate,Off-Campus
662,PU,20,Male,4th year,Information Technology,Undergraduate,Off-Campus
663,UET,20,Male,1st year,Computer Science,Undergraduate,Off-Campus
664,PU,20,Male,3rd year,Information Technology,Undergraduate,Off-Campus
665,FAST,18,Female,2nd year,Computer Science,Undergraduate,Off-Campus
666,PU,19,Male,3rd year,Data Science,Undergraduate,Off-Campus
667,PU,19,Male,3rd year,Computer Science,Undergraduate,On-Campus
668,COMSATS,26,Male,3rd year,Information Technology,Undergraduate,Off-Campus
669,PU,19,Male,3rd year,Computer Science,Undergraduate,Off-Campus
670,PU,20,Female,2nd year,Data Science,Undergraduate,Off-Campus
671,PU,18,Male,4th year,Computer Science,Undergraduate,On-Campus
672,PU,22,Male,1st year,Computer Science,Undergraduate,Off-Campus
673,PU,19,Male,1st year,Information Technology,Undergraduate,On-Campus
674,PU,21,Male,2nd year,Computer Science,Undergraduate,Off-Campus
675,PU,19,Female,2nd year,Software Engineering,Undergraduate,On-Campus
676,PU,20,Male,3rd year,Computer Science,Undergraduate,Off-Campus
677,KUST,18,Male,1st year,Data Science,Undergraduate,Off-Campus
678,UET,17,Male,4th year,Data Science,Undergraduate,Off-Campus
679,UET,21,Male,3rd year,Data Science,Undergraduate,On-Campus
680,PU,21,Male,3rd year,Computer Science,Undergraduate,Off-Campus
681,PU,20,Female,2nd year,Computer Science,Undergraduate,Off-Campus
682,COMSATS,18,Female,3rd year,Data Science,Undergraduate,On-Campus
683,PU,20,Female,1st year,Data Science,Undergraduate,Off-Campus
684,FAST,20,Male,3rd year,Software Engineering,Undergraduate,Off-Campus
685,PU,21,Male,3rd year,Software Engineering,Undergraduate,Off-Campus
686,PU,18,Male,3rd year,Computer Science,Undergraduate,Off-Campus
687,COMSATS,21,Male,2nd year,Information Technology,Undergraduate,On-Campus
688,PU,19,Male,4th year,Computer Science,Undergraduate,On-Campus
689,UET,20,Female,1st year,Computer Science,Undergraduate,Off-Campus
690,COMSATS,22,Male,1st year,Computer Science,Undergraduate,On-Campus
691,PU,22,Male,1st year,Computer Science,Undergraduate,Off-Campus
692,FAST,18,Male,4th year,Computer Science,Undergraduate,On-Campus
693,PU,20,Male,1st year,Information Technology,Undergraduate,Off-Campus
694,UET,18,Male,2nd year,Computer Science,Undergraduate,Off-Campus
695,PU,22,Male,3rd year,Computer Science,Undergraduate,On-Campus
696,UET,20,Male,2nd year,Data Science,Undergraduate,Off-Campus
697,KUST,18,Male,1st year,Computer Science,Undergraduate,Off-Campus
698,PU,20,Male,4th year,Software Engineering,Undergraduate,Off-Campus
699,FAST,20,Male,3rd year,Information Technology,Undergraduate,Off-Campus
700,PU,17,Male,3rd year,Data Science,Undergraduate,Off-Campus
701,NUST,20,Male,4th year,Computer Science,Undergraduate,Off-Campus
702,PU,19,Male,4th year,Data Science,Undergraduate,Off-Campus
703,PU,20,Male,1st year,Computer Science,Undergraduate,On-Campus
704,COMSATS,19,Male,1st year,Computer Science,Undergraduate,Off-Campus
705,FAST,20,Male,1st year,Computer Science,Undergraduate,Off-Campus
706,UET,21,Male,1st year,Computer Science,Undergraduate,Off-Campus
707,NUST,17,Male,3rd year,Computer Science,Undergraduate,Off-Campus
708,PU,20,Male,1st year,Data Science,Undergraduate,Off-Campus
709,PU,19,Male,3rd year,Data Science,Undergraduate,On-Campus
710,PU,19,Female,2nd year,Computer Science,Undergraduate,Off-Campus
711,PU,21,Female,4th year,Computer Science,Undergraduate,Off-Campus
712,PU,20,Male,3rd year,Computer Science,Undergraduate,Off-Campus
713,COMSATS,20,Male,3rd year,Computer Science,Undergraduate,On-Campus
714,UET,19,Male,4th year,Computer Science,Undergraduate,Off-Campus
715,COMSATS,20,Male,1st year,Computer Science,Undergraduate,Off-Campus
716,COMSATS,19,Male,3rd year,Information Technology,Undergraduate,Off-Campus
717,FAST,18,Male,1st year,Computer Science,Undergraduate,Off-Campus
718,PU,21,Male,1st year,Data Science,Undergraduate,On-Campus
719,PU,20,Male,2nd year,Software Engineering,Undergraduate,Off-Campus
720,FAST,22,Male,3rd year,Computer Science,Undergraduate,Off-Campus
721,PU,17,Male,3rd year,Computer Science,Undergraduate,Off-Campus
722,PU,22,Male,1st year,Information Technology,Undergraduate,Off-Campus
723,VU,20,Male,4th year,Information Technology,Undergraduate,Off-Campus
724,UMT,20,Male,1st year,Data Science,Undergraduate,Off-Campus
725,FAST,20,Male,3rd year,Computer Science,Undergraduate,Off-Campus
726,PU,20,Male,2nd year,Data Science,Undergraduate,Off-Campus
727,PU,26,Male,2nd year,Data Science,Undergraduate,Off-Campus
728,COMSATS,22,Male,3rd year,Computer Science,Undergraduate,On-Campus
729,PU,20,Male,1st year,Data Science,Undergraduate,Off-Campus
730,COMSATS,21,Male,2nd year,Computer Science,Undergraduate,On-Campus
731,UET,17,Male,3rd year,Data Science,Undergraduate,Off-Campus
732,UET,20,Male,3rd year,Data Science,Undergraduate,Off-Campus
733,PU,20,Male,2nd year,Computer Science,Undergraduate,Off-Campus
734,FAST,20,Male,3rd year,Computer Science,Undergraduate,On-Campus
735,PU,26,Female,3rd year,Computer Science,Undergraduate,Off-Campus
736,PU,21,Male,1st year,Computer Science,Undergraduate,On-Campus
737,PU,18,Male,2nd year,Computer Science,Undergraduate,Off-Campus
738,PU,18,Male,3rd year,Software Engineering,Undergraduate,Off-Campus
739,PU,20,Female,4th year,Computer Science,Undergraduate,On-Campus
740,COMSATS,19,Male,2nd year,Data Science,Undergraduate,Off-Campus
741,PU,21,Male,2nd year,Information Technology,Undergraduate,On-Campus
742,PU,20,Male,3rd year,Data Science,Undergraduate,Off-Campus
743,PU,19,Male,3rd year,Computer Science,Undergraduate,Off-Campus
744,PU,20,Female,2nd year,Software Engineering,Undergraduate,Off-Campus
745,VU,20,Male,3rd year,Data Science,Undergraduate,Off-Campus
746,PU,20,Male,3rd year,Computer Science,Undergraduate,Off-Campus
747,PU,20,Male,1st year,Data Science,Undergraduate,Off-Campus
748,PU,23,Female,4th year,Computer Science,Undergraduate,Off-Campus
749,PU,20,Male,3rd year,Data Science,Undergraduate,On-Campus
750,FAST,20,Female,1st year,Data Science,Undergraduate,Off-Campus
751,UET,21,Male,1st year,Data Science,Undergraduate,Off-Campus
752,PU,20,Male,2nd year,Data Science,Undergraduate,Off-Campus
753,PU,19,Male,3rd year,Data Science,Undergraduate,Off-Campus
754,PU,19,Male,3rd year,Data Science,Undergraduate,On-Campus
755,PU,18,Female,3rd year,Data Science,Undergraduate,Off-Campus
756,UMT,20,Male,1st year,Computer Science,Undergraduate,Off-Campus
757,PU,20,Male,3rd year,Computer Science,Undergraduate,Off-Campus
758,PU,20,Male,3rd year,Computer Science,Undergraduate,On-Campus
759,PU,20,Male,1st year,Computer Science,Undergraduate,On-Campus
760,PU,26,Female,3rd year,Information Technology,Undergraduate,Off-Campus
761,PU,18,Male,3rd year,Data Science,Undergraduate,On-Campus
762,UET,26,Male,2nd year,Computer Science,Undergraduate,Off-Campus
763,PU,20,Male,3rd year,Computer Science,Undergraduate,Off-Campus
764,PU,19,Female,3rd year,Data Science,Undergraduate,Off-Campus
765,PU,20,Male,1st year,Computer Science,Undergraduate,Off-Campus
766,COMSATS,22,Male,1st year,Computer Science,Undergraduate,Off-Campus
767,PU,20,Male,1st year,Data Science,Undergraduate,Off-Campus
768,FAST,20,Male,3rd year,Computer Science,Undergraduate,On-Campus
769,PU,20,Male,2nd year,Computer Science,Undergraduate,Off-Campus
770,PU,20,Male,1st year,Information Technology,Undergraduate,Off-Campus
771,PU,20,Male,3rd year,Computer Science,Undergraduate,Off-Campus
772,PU,21,Male,4th year,Computer Science,Undergraduate,On-Campus
773,PU,20,Male,2nd year,Computer Science,Undergraduate,Off-Campus
774,FAST,22,Male,3rd year,Computer Science,Undergraduate,Off-Campus
775,KUST,20,Female,4th year,Computer Science,Undergraduate,Off-Campus
776,PU,20,Female,1st year,Computer Science,Undergraduate,Off-Campus
777,PU,17,Male,3rd year,Data Science,Undergraduate,Off-Campus
778,PU,20,Female,3rd year,Information Technology,Undergraduate,Off-Campus
779,PU,26,Male,2nd year,Data Science,Undergraduate,Off-Campus
780,PU,18,Male,2nd year,Information Technology,Undergraduate,Off-Campus
781,PU,20,Male,2nd year,Information Technology,Undergraduate,Off-Campus
782,PU,17,Male,1st year,Data Science,Undergraduate,Off-Campus
783,PU,19,Male,1st year,Software Engineering,Undergraduate,Off-Campus
784,PU,26,Male,1st year,Computer Science,Undergraduate,Off-Campus
785,PU,22,Male,1st year,Computer Science,Undergraduate,Off-Campus
786,KUST,23,Female,3rd year,Computer Science,Undergraduate,Off-Campus
787,PU,17,Male,2nd year,Computer Science,Postgraduate,Off-Campus
788,PU,17,Male,4th year,Data Science,Postgraduate,Off-Campus
789,PU,20,Female,1st year,Information Technology,Undergraduate,Off-Campus
790,PU,21,Male,2nd year,Computer Science,Undergraduate,Off-Campus
791,PU,20,Male,2nd year,Data Science,Undergraduate,Off-Campus
792,PU,20,Female,3rd year,Information Technology,Undergraduate,Off-Campus
793,UMT,17,Male,2nd year,Data Science,Undergraduate,Off-Campus
794,PU,20,Female,1st year,Computer Science,Undergraduate,On-Campus
795,PU,22,Male,2nd year,Computer Science,Undergraduate,Off-Campus
796,PU,19,Male,2nd year,Computer Science,Undergraduate,Off-Campus
797,PU,20,Male,3rd year,Computer Science,Undergraduate,On-Campus
798,FAST,20,Male,4th year,Computer Science,Undergraduate,Off-Campus
799,UET,17,Male,1st year,Computer Science,Undergraduate,Off-Campus
800,PU,20,Male,2nd year,Computer Science,Undergraduate,Off-Campus
801,FAST,20,Male,3rd year,Data Science,Undergraduate,Off-Campus
802,PU,20,Male,4th year,Computer Science,Undergraduate,Off-Campus
803,UET,20,Male,3rd year,Data Science,Undergraduate,On-Campus
804,UMT,18,Male,2nd year,Computer Science,Undergraduate,Off-Campus
805,PU,20,Male,3rd year,Data Science,Undergraduate,Off-Campus
806,PU,22,Male,2nd year,Computer Science,Undergraduate,Off-Campus
807,COMSATS,20,Male,3rd year,Data Science,Undergraduate,On-Campus
808,PU,22,Male,4th year,Computer Science,Undergraduate,Off-Campus
809,UMT,19,Female,1st year,Computer Science,Undergraduate,Off-Campus
810,PU,18,Female,3rd year,Computer Science,Undergraduate,Off-Campus
811,UOL,20,Male,1st year,Data Science,Undergraduate,Off-Campus
812,COMSATS,21,Male,2nd year,Computer Science,Undergraduate,Off-Campus
813,PU,19,Male,1st year,Computer Science,Undergraduate,Off-Campus
814,UET,20,Male,2nd year,Data Science,Undergraduate,Off-Campus
815,COMSATS,19,Male,3rd year,Data Science,Undergraduate,Off-Campus
816,PU,21,Male,4th year,Data Science,Undergraduate,Off-Campus
817,UMT,23,Male,4th year,Data Science,Undergraduate,Off-Campus
818,FAST,20,Male,3rd year,Computer Science,Undergraduate,Off-Campus
819,VU,20,Female,1st year,Data Science,Undergraduate,Off-Campus
820,PU,19,Male,2nd year,Computer Science,Undergraduate,Off-Campus
821,COMSATS,22,Male,3rd year,Computer Science,Undergraduate,Off-Campus
822,UET,20,Female,2nd year,Computer Science,Undergraduate,Off-Campus
823,PU,19,Male,4th year,Computer Science,Postgraduate,Off-Campus
824,PU,26,Female,1st year,Computer Science,Undergraduate,Off-Campus
825,PU,21,Male,3rd year,Computer Science,Undergraduate,Off-Campus
826,PU,20,Female,3rd year,Data Science,Undergraduate,Off-Campus
827,UET,20,Male,3rd year,Data Science,Undergraduate,Off-Campus
828,PU,23,Female,1st year,Data Science,Undergraduate,Off-Campus
829,PU,17,Male,3rd year,Data Science,Undergraduate,Off-Campus
830,NUST,21,Male,2nd year,Software Engineering,Undergraduate,Off-Campus
831,PU,18,Male,2nd year,Computer Science,Undergraduate,Off-Campus
832,PU,20,Male,3rd year,Data Science,Undergraduate,On-Campus
833,PU,20,Male,3rd year,Data Science,Undergraduate,Off-Campus
834,PU,20,Male,4th year,Data Science,Undergraduate,Off-Campus
835,PU,22,Male,3rd year,Computer Science,Undergraduate,Off-Campus
836,PU,18,Male,2nd year,Software Engineering,Undergraduate,Off-Campus
837,VU,18,Male,2nd year,Data Science,Undergraduate,Off-Campus
838,PU,20,Male,1st year,Computer Science,Undergraduate,On-Campus
839,PU,20,Female,3rd year,Data Science,Undergraduate,Off-Campus
840,PU,21,Male,4th year,Computer Science,Undergraduate,On-Campus
841,NUST,19,Male,1st year,Computer Science,Undergraduate,Off-Campus
842,PU,20,Female,1st year,Data Science,Undergraduate,Off-Campus
843,PU,19,Male,1st year,Computer Science,Undergraduate,Off-Campus
844,PU,22,Male,4th year,Data Science,Undergraduate,Off-Campus
845,UET,26,Male,2nd year,Computer Science,Undergraduate,Off-Campus
846,UET,20,Male,3rd year,Data Science,Undergraduate,Off-Campus
847,PU,21,Male,1st year,Data Science,Undergraduate,Off-Campus
848,PU,18,Male,3rd year,Computer Science,Undergraduate,Off-Campus
849,COMSATS,18,Male,2nd year,Computer Science,Undergraduate,Off-Campus
850,COMSATS,20,Male,3rd year,Computer Science,Undergraduate,Off-Campus
851,UET,20,Female,3rd year,Data Science,Undergraduate,Off-Campus
852,PU,19,Male,1st year,Computer Science,Undergraduate,On-Campus
853,PU,19,Male,1st year,Computer Science,Undergraduate,On-Campus
854,PU,19,Male,3rd year,Computer Science,Undergraduate,Off-Campus
855,COMSATS,18,Male,1st year,Information Technology,Undergraduate,On-Campus
856,PU,18,Female,1st year,Data Science,Undergraduate,Off-Campus
857,PU,21,Male,3rd year,Computer Science,Undergraduate,Off-Campus
858,UET,20,Male,1st year,Data Science,Undergraduate,Off-Campus
859,PU,20,Male,4th year,Computer Science,Undergraduate,Off-Campus
860,PU,20,Female,3rd year,Computer Science,Undergraduate,On-Campus
861,UET,20,Female,3rd year,Computer Science,Undergraduate,Off-Campus
862,UET,19,Male,3rd year,Computer Science,Undergraduate,Off-Campus
863,PU,20,Female,3rd year,Data Science,Undergraduate,Off-Campus
864,PU,20,Male,4th year,Data Science,Undergraduate,Off-Campus
865,PU,20,Male,1st year,Data Science,Undergraduate,Off-Campus
866,PU,20,Male,1st year,Data Science,Undergraduate,Off-Campus
867,COMSATS,21,Male,3rd year,Data Science,Undergraduate,Off-Campus
868,PU,19,Female,1st year,Data Science,Undergraduate,Off-Campus
869,PU,20,Female,2nd year,Software Engineering,Undergraduate,Off-Campus
870,PU,20,Male,3rd year,Computer Science,Undergraduate,Off-Campus
871,PU,17,Male,1st year,Data Science,Undergraduate,Off-Campus
872,UET,18,Male,1st year,Data Science,Undergraduate,Off-Campus
873,COMSATS,20,Male,3rd year,Data Science,Undergraduate,On-Campus
874,PU,18,Female,1st year,Computer Science,Undergraduate,Off-Campus
875,KUST,18,Male,2nd year,Computer Science,Undergraduate,Off-Campus
876,PU,20,Male,1st year,Data Science,Undergraduate,Off-Campus
877,PU,20,Female,1st year,Data Science,Undergraduate,Off-Campus
878,PU,20,Female,1st year,Data Science,Undergraduate,On-Campus
879,NUST,20,Male,1st year,Data Science,Postgraduate,Off-Campus
880,PU,20,Male,1st year,Data Science,Undergraduate,On-Campus
881,PU,20,Male,1st year,Computer Science,Undergraduate,Off-Campus
882,PU,20,Male,1st year,Computer Science,Undergraduate,Off-Campus
883,PU,26,Male,1st year,Data Science,Undergraduate,Off-Campus
884,COMSATS,20,Male,3rd year,Computer Science,Undergraduate,Off-Campus
885,PU,19,Female,3rd year,Information Technology,Undergraduate,Off-Campus
886,COMSATS,20,Male,3rd year,Data Science,Undergraduate,On-Campus
887,PU,21,Female,1st year,Data Science,Undergraduate,Off-Campus
888,UMT,22,Male,1st year,Computer Science,Undergraduate,Off-Campus
889,COMSATS,22,Male,1st year,Computer Science,Undergraduate,Off-Campus
890,COMSATS,18,Male,1st year,Data Science,Undergraduate,Off-Campus
891,PU,19,Female,1st year,Data Science,Undergraduate,On-Campus
892,COMSATS,20,Male,1st year,Computer Science,Undergraduate,Off-Campus
893,FAST,20,Male,3rd year,Data Science,Undergraduate,Off-Campus
894,PU,22,Female,3rd year,Software Engineering,Undergraduate,Off-Campus
895,KUST,20,Male,3rd year,Computer Science,Undergraduate,Off-Campus
896,PU,21,Male,1st year,Computer Science,Undergraduate,On-Campus
897,FAST,20,Male,3rd year,Computer Science,Undergraduate,Off-Campus
898,FAST,22,Male,1st year,Computer Science,Undergraduate,Off-Campus
899,COMSATS,20,Male,2nd year,Computer Science,Undergraduate,Off-Campus
900,PU,20,Male,3rd year,Computer Science,Undergraduate,On-Campus
901,FAST,20,Male,1st year,Information Technology,Undergraduate,Off-Campus
902,PU,19,Male,4th year,Computer Science,Undergraduate,Off-Campus
903,PU,20,Male,3rd year,Data Science,Undergraduate,On-Campus
904,PU,22,Male,1st year,Computer Science,Undergraduate,Off-Campus
905,FAST,19,Male,1st year,Data Science,Undergraduate,On-Campus
906,PU,18,Male,3rd year,Data Science,Undergraduate,On-Campus
907,PU,20,Female,3rd year,Computer Science,Undergraduate,On-Campus
908,FAST,18,Male,1st year,Computer Science,Undergraduate,Off-Campus
909,UET,17,Male,1st year,Computer Science,Undergraduate,Off-Campus
910,FAST,19,Male,4th year,Computer Science,Undergraduate,Off-Campus
911,PU,20,Male,1st year,Data Science,Undergraduate,Off-Campus
912,KUST,21,Male,1st year,Computer Science,Undergraduate,Off-Campus
913,PU,20,Male,3rd year,Data Science,Undergraduate,Off-Campus
914,PU,19,Male,3rd year,Computer Science,Undergraduate,On-Campus
915,PU,22,Male,1st year,Computer Science,Undergraduate,Off-Campus
916,PU,20,Male,3rd year,Information Technology,Undergraduate,On-Campus
917,PU,20,Male,3rd year,Information Technology,Undergraduate,On-Campus
918,PU,19,Male,3rd year,Computer Science,Undergraduate,On-Campus
919,PU,19,Male,1st year,Computer Science,Undergraduate,Off-Campus
920,PU,20,Male,1st year,Computer Science,Undergraduate,Off-Campus
921,PU,18,Male,1st year,Data Science,Undergraduate,Off-Campus
922,PU,20,Male,1st year,Information Technology,Undergraduate,Off-Campus
923,PU,20,Female,3rd year,Information Technology,Undergraduate,Off-Campus
924,PU,20,Male,3rd year,Data Science,Undergraduate,Off-Campus
925,PU,20,Male,1st year,Computer Science,Undergraduate,Off-Campus
926,KUST,22,Male,1st year,Computer Science,Undergraduate,Off-Campus
927,PU,19,Male,3rd year,Data Science,Undergraduate,On-Campus
928,PU,20,Male,1st year,Computer Science,Undergraduate,Off-Campus
929,PU,20,Male,4th year,Data Science,Postgraduate,Off-Campus
930,PU,20,Male,2nd year,Software Engineering,Undergraduate,Off-Campus
931,UET,22,Male,3rd year,Data Science,Undergraduate,Off-Campus
932,PU,19,Male,1st year,Computer Science,Undergraduate,Off-Campus
933,UOL,19,Male,1st year,Computer Science,Undergraduate,Off-Campus
934,PU,23,Female,3rd year,Computer Science,Undergraduate,On-Campus
935,KUST,26,Male,1st year,Data Science,Undergraduate,Off-Campus
936,UET,19,Male,2nd year,Computer Science,Undergraduate,Off-Campus
937,PU,17,Male,2nd year,Computer Science,Undergraduate,Off-Campus
938,PU,22,Male,2nd year,Data Science,Undergraduate,Off-Campus
939,PU,20,Male,3rd year,Software Engineering,Undergraduate,On-Campus
940,PU,20,Male,1st year,Information Technology,Undergraduate,On-Campus
941,UET,19,Male,4th year,Computer Science,Undergraduate,Off-Campus
942,UET,17,Female,3rd year,Computer Science,Undergraduate,Off-Campus
943,UET,20,Female,1st year,Computer Science,Undergraduate,On-Campus
944,KUST,20,Male,3rd year,Computer Science,Undergraduate,Off-Campus
945,PU,20,Female,1st year,Computer Science,Undergraduate,Off-Campus
946,PU,20,Male,1st year,Data Science,Undergraduate,Off-Campus
947,PU,19,Male,3rd year,Computer Science,Undergraduate,Off-Campus
948,UET,20,Male,4th year,Computer Science,Undergraduate,On-Campus
949,PU,20,Male,3rd year,Data Science,Undergraduate,On-Campus
950,PU,22,Male,1st year,Data Science,Undergraduate,On-Campus
951,PU,23,Male,1st year,Data Science,Undergraduate,Off-Campus
952,PU,23,Male,3rd year,Computer Science,Undergraduate,Off-Campus
953,PU,18,Male,4th year,Data Science,Undergraduate,Off-Campus
954,PU,23,Male,4th year,Computer Science,Undergraduate,On-Campus
955,FAST,20,Male,3rd year,Information Technology,Undergraduate,Off-Campus
956,FAST,19,Male,3rd year,Computer Science,Undergraduate,On-Campus
957,PU,21,Male,1st year,Computer Science,Undergraduate,Off-Campus
958,UET,19,Male,1st year,Computer Science,Undergraduate,On-Campus
959,PU,22,Male,4th year,Data Science,Undergraduate,Off-Campus
960,PU,22,Male,2nd year,Data Science,Undergraduate,Off-Campus
961,FAST,20,Male,3rd year,Computer Science,Undergraduate,Off-Campus
962,PU,23,Male,1st year,Information Technology,Undergraduate,Off-Campus
963,PU,22,Male,3rd year,Data Science,Undergraduate,Off-Campus
964,PU,20,Male,3rd year,Data Science,Undergraduate,Off-Campus
965,PU,26,Male,1st year,Computer Science,Undergraduate,Off-Campus
966,UET,23,Female,1st year,Data Science,Undergraduate,Off-Campus
967,FAST,20,Male,3rd year,Computer Science,Undergraduate,Off-Campus
968,PU,20,Male,3rd year,Data Science,Undergraduate,On-Campus
969,PU,20,Male,1st year,Data Science,Undergraduate,Off-Campus
970,PU,20,Male,1st year,Data Science,Undergraduate,On-Campus
971,PU,20,Male,1st year,Data Science,Undergraduate,Off-Campus
972,PU,22,Male,1st year,Computer Science,Undergraduate,Off-Campus
973,UET,20,Male,1st year,Computer Science,Undergraduate,Off-Campus
974,PU,20,Male,1st year,Data Science,Undergraduate,On-Campus
975,PU,19,Male,4th year,Software Engineering,Undergraduate,On-Campus
976,PU,20,Female,3rd year,Computer Science,Undergraduate,Off-Campus
977,PU,19,Male,1st year,Information Technology,Undergraduate,Off-Campus
978,FAST,21,Male,1st year,Computer Science,Undergraduate,Off-Campus
979,PU,20,Male,2nd year,Data Science,Postgraduate,Off-Campus
980,UET,20,Male,3rd year,Information Technology,Undergraduate,Off-Campus
981,PU,20,Male,1st year,Computer Science,Undergraduate,Off-Campus
982,PU,21,Male,1st year,Computer Science,Undergraduate,Off-Campus
983,COMSATS,19,Male,3rd year,Data Science,Undergraduate,Off-Campus
984,PU,20,Male,1st year,Data Science,Undergraduate,Off-Campus
985,FAST,22,Male,3rd year,Computer Science,Undergraduate,Off-Campus
986,PU,19,Male,1st year,Computer Science,Undergraduate,On-Campus
987,PU,20,Male,2nd year,Computer Science,Undergraduate,On-Campus
988,COMSATS,20,Male,3rd year,Computer Science,Undergraduate,Off-Campus
989,PU,22,Male,2nd year,Data Science,Undergraduate,On-Campus
990,UET,20,Male,3rd year,Data Science,Undergraduate,Off-Campus
991,UET,22,Male,1st year,Computer Science,Undergraduate,On-Campus
992,PU,20,Male,4th year,Data Science,Undergraduate,On-Campus
993,COMSATS,20,Male,3rd year,Data Science,Undergraduate,Off-Campus
994,PU,21,Male,3rd year,Computer Science,Undergraduate,Off-Campus
995,KUST,20,Female,1st year,Computer Science,Undergraduate,Off-Campus
996,UOL,19,Male,3rd year,Computer Science,Undergraduate,Off-Campus
997,PU,26,Male,1st year,Data Science,Undergraduate,Off-Campus
998,COMSATS,21,Female,3rd year,Data Science,Undergraduate,On-Campus
999,PU,22,Male,4th year,Computer Science,Undergraduate,Off-Campus
1000,COMSATS,20,Male,3rd year,Computer Science,Undergraduate,Off-Campus
